doi,od_bool,od_doi
10.1177_0010414009332128,1,https://journals.sagepub.com/doi/suppl/10.1177_0010414009332128
10.1177_0010414011401211,1,https://journals.sagepub.com/doi/suppl/10.1177_0010414011401211
10.1177_0010414012463894,1,https://journals.sagepub.com/doi/suppl/10.1177_0010414012463894
10.1177_0010414012463905,1,https://journals.sagepub.com/doi/suppl/10.1177_0010414012463905
10.1177_0010414013516917,1,https://journals.sagepub.com/doi/suppl/10.1177_0010414013516917
10.1177_0010414013519409,1,https://journals.sagepub.com/doi/suppl/10.1177_0010414013519409
10.1177_0010414013519411,1,https://journals.sagepub.com/doi/suppl/10.1177_0010414013519411
10.1177_0010414013520523,1,https://journals.sagepub.com/doi/suppl/10.1177_0010414013520523
10.1177_0010414013520524,1,https://journals.sagepub.com/doi/suppl/10.1177_0010414013520524
10.1177_0010414014534199,1,https://journals.sagepub.com/doi/suppl/10.1177_0010414014534199
10.1177_0010414014543614,1,https://journals.sagepub.com/doi/suppl/10.1177_0010414014543614
10.1177_0010414014544361,1,https://journals.sagepub.com/doi/suppl/10.1177_0010414014544361
10.1177_0010414014545012,1,https://journals.sagepub.com/doi/suppl/10.1177_0010414014545012
10.1177_0010414014546331,1,https://journals.sagepub.com/doi/suppl/10.1177_0010414014546331
10.1177_0010414014556043,1,https://journals.sagepub.com/doi/suppl/10.1177_0010414014556043
10.1177_0010414014556209,1,https://journals.sagepub.com/doi/suppl/10.1177_0010414014556209
10.1177_0010414014558259,1,https://journals.sagepub.com/doi/suppl/10.1177_0010414014558259
10.1177_0010414014565889,1,https://journals.sagepub.com/doi/suppl/10.1177_0010414014565889
10.1177_0010414014565890,1,https://journals.sagepub.com/doi/suppl/10.1177_0010414014565890
10.1177_0010414014565891,1,https://journals.sagepub.com/doi/suppl/10.1177_0010414014565891
10.1177_0010414015574876,1,https://journals.sagepub.com/doi/suppl/10.1177_0010414015574876
10.1177_0010414015574877,1,https://journals.sagepub.com/doi/suppl/10.1177_0010414015574877
10.1177_0010414015574878,1,https://journals.sagepub.com/doi/suppl/10.1177_0010414015574878
10.1177_0010414015574881,1,https://journals.sagepub.com/doi/suppl/10.1177_0010414015574881
10.1177_0010414015574882,1,https://journals.sagepub.com/doi/suppl/10.1177_0010414015574882
10.1177_0010414015576743,1,https://journals.sagepub.com/doi/suppl/10.1177_0010414015576743
10.1177_0010414015581683,1,https://journals.sagepub.com/doi/suppl/10.1177_0010414015581683
10.1177_0010414015581684,1,https://journals.sagepub.com/doi/suppl/10.1177_0010414015581684
10.1177_0010414015591363,1,https://journals.sagepub.com/doi/suppl/10.1177_0010414015591363
10.1177_0010414015592641,1,https://journals.sagepub.com/doi/suppl/10.1177_0010414015592641
10.1177_0010414015592645,1,https://journals.sagepub.com/doi/suppl/10.1177_0010414015592645
10.1177_0010414015597510,1,https://journals.sagepub.com/doi/suppl/10.1177_0010414015597510
10.1177_0010414015600465,1,https://journals.sagepub.com/doi/suppl/10.1177_0010414015600465
10.1177_0010414015603015,1,https://journals.sagepub.com/doi/suppl/10.1177_0010414015603015
10.1177_0010414015612388,1,https://journals.sagepub.com/doi/suppl/10.1177_0010414015612388
10.1177_0010414015612393,1,https://journals.sagepub.com/doi/suppl/10.1177_0010414015612393
10.1177_0010414015617960,1,https://journals.sagepub.com/doi/suppl/10.1177_0010414015617960
10.1177_0010414015617961,1,https://journals.sagepub.com/doi/suppl/10.1177_0010414015617961
10.1177_0010414015621072,1,https://journals.sagepub.com/doi/suppl/10.1177_0010414015621072
10.1177_0010414015621078,1,https://journals.sagepub.com/doi/suppl/10.1177_0010414015621078
10.1177_0010414015621079,1,https://journals.sagepub.com/doi/suppl/10.1177_0010414015621079
10.1177_0010414015621080,1,https://journals.sagepub.com/doi/suppl/10.1177_0010414015621080
10.1177_0010414015626439,1,https://journals.sagepub.com/doi/suppl/10.1177_0010414015626439
10.1177_0010414015626442,1,https://journals.sagepub.com/doi/suppl/10.1177_0010414015626442
10.1177_0010414015626450,1,https://journals.sagepub.com/doi/suppl/10.1177_0010414015626450
10.1177_0010414015626452,1,https://journals.sagepub.com/doi/suppl/10.1177_0010414015626452
10.1177_0010414016628275,1,https://journals.sagepub.com/doi/suppl/10.1177_0010414016628275
10.1177_0010414016633224,1,https://journals.sagepub.com/doi/suppl/10.1177_0010414016633224
10.1177_0010414016633230,1,https://journals.sagepub.com/doi/suppl/10.1177_0010414016633230
10.1177_0010414016633487,1,https://journals.sagepub.com/doi/suppl/10.1177_0010414016633487
10.1177_0010414016635198,1,https://journals.sagepub.com/doi/suppl/10.1177_0010414016635198
10.1177_0010414016639708,1,https://journals.sagepub.com/doi/suppl/10.1177_0010414016639708
10.1177_0010414016639709,1,https://journals.sagepub.com/doi/suppl/10.1177_0010414016639709
10.1177_0010414016649481,1,https://journals.sagepub.com/doi/suppl/10.1177_0010414016649481
10.1177_0010414016655532,1,https://journals.sagepub.com/doi/suppl/10.1177_0010414016655532
10.1177_0010414016655536,1,https://journals.sagepub.com/doi/suppl/10.1177_0010414016655536
10.1177_0010414016655538,1,https://journals.sagepub.com/doi/suppl/10.1177_0010414016655538
10.1177_0010414016655540,1,https://journals.sagepub.com/doi/suppl/10.1177_0010414016655540
10.1177_0010414016655541,1,https://journals.sagepub.com/doi/suppl/10.1177_0010414016655541
10.1177_0010414016666835,1,https://journals.sagepub.com/doi/suppl/10.1177_0010414016666835
10.1177_0010414016666837,1,https://journals.sagepub.com/doi/suppl/10.1177_0010414016666837
10.1177_0010414016666838,1,https://journals.sagepub.com/doi/suppl/10.1177_0010414016666838
10.1177_0010414016666839,1,https://journals.sagepub.com/doi/suppl/10.1177_0010414016666839
10.1177_0010414016666856,1,https://journals.sagepub.com/doi/suppl/10.1177_0010414016666856
10.1177_0010414016666857,1,https://journals.sagepub.com/doi/suppl/10.1177_0010414016666857
10.1177_0010414016666859,1,https://journals.sagepub.com/doi/suppl/10.1177_0010414016666859
10.1177_0010414016666861,1,https://journals.sagepub.com/doi/suppl/10.1177_0010414016666861
10.1177_0010414016672234,1,https://journals.sagepub.com/doi/suppl/10.1177_0010414016672234
10.1177_0010414016679109,1,https://journals.sagepub.com/doi/suppl/10.1177_0010414016679109
10.1177_0010414016679179,1,https://journals.sagepub.com/doi/suppl/10.1177_0010414016679179
10.1177_0010414016688002,1,https://journals.sagepub.com/doi/suppl/10.1177_0010414016688002
10.1177_0010414016688003,1,https://journals.sagepub.com/doi/suppl/10.1177_0010414016688003
10.1177_0010414016688004,1,https://journals.sagepub.com/doi/suppl/10.1177_0010414016688004
10.1177_0010414016688006,1,https://journals.sagepub.com/doi/suppl/10.1177_0010414016688006
10.1177_0010414016688007,1,https://journals.sagepub.com/doi/suppl/10.1177_0010414016688007
10.1177_0010414016688008,1,https://journals.sagepub.com/doi/suppl/10.1177_0010414016688008
10.1177_0010414016688009,1,https://journals.sagepub.com/doi/suppl/10.1177_0010414016688009
10.1177_0010414017695330,1,https://journals.sagepub.com/doi/suppl/10.1177_0010414017695330
10.1177_0010414017695332,1,https://journals.sagepub.com/doi/suppl/10.1177_0010414017695332
10.1177_0010414017695334,1,https://journals.sagepub.com/doi/suppl/10.1177_0010414017695334
10.1177_0010414017695335,1,https://journals.sagepub.com/doi/suppl/10.1177_0010414017695335
10.1177_0010414017695336,1,https://journals.sagepub.com/doi/suppl/10.1177_0010414017695336
10.1177_0010414017699204,1,https://journals.sagepub.com/doi/suppl/10.1177_0010414017699204
10.1177_0010414017710253,1,https://journals.sagepub.com/doi/suppl/10.1177_0010414017710253
10.1177_0010414017710255,1,https://journals.sagepub.com/doi/suppl/10.1177_0010414017710255
10.1177_0010414017710259,1,https://journals.sagepub.com/doi/suppl/10.1177_0010414017710259
10.1177_0010414017710260,1,https://journals.sagepub.com/doi/suppl/10.1177_0010414017710260
10.1177_0010414017710261,1,https://journals.sagepub.com/doi/suppl/10.1177_0010414017710261
10.1177_0010414017710262,1,https://journals.sagepub.com/doi/suppl/10.1177_0010414017710262
10.1177_0010414017710263,1,https://journals.sagepub.com/doi/suppl/10.1177_0010414017710263
10.1177_0010414017710264,1,https://journals.sagepub.com/doi/suppl/10.1177_0010414017710264
10.1177_0010414017710265,1,https://journals.sagepub.com/doi/suppl/10.1177_0010414017710265
10.1177_0010414017710267,1,https://journals.sagepub.com/doi/suppl/10.1177_0010414017710267
10.1177_0010414017710269,1,https://journals.sagepub.com/doi/suppl/10.1177_0010414017710269
10.1177_0010414017720701,1,https://journals.sagepub.com/doi/suppl/10.1177_0010414017720701
10.1177_0010414017720703,1,https://journals.sagepub.com/doi/suppl/10.1177_0010414017720703
10.1177_0010414017720704,1,https://journals.sagepub.com/doi/suppl/10.1177_0010414017720704
10.1177_0010414017720705,1,https://journals.sagepub.com/doi/suppl/10.1177_0010414017720705
10.1177_0010414017720707,1,https://journals.sagepub.com/doi/suppl/10.1177_0010414017720707
10.1177_0010414017720708,1,https://journals.sagepub.com/doi/suppl/10.1177_0010414017720708
10.1177_0010414017730078,1,https://journals.sagepub.com/doi/suppl/10.1177_0010414017730078
10.1177_0010414017730079,1,https://journals.sagepub.com/doi/suppl/10.1177_0010414017730079
10.1177_0010414017730080,1,https://journals.sagepub.com/doi/suppl/10.1177_0010414017730080
10.1177_0010414017730081,1,https://journals.sagepub.com/doi/suppl/10.1177_0010414017730081
10.1177_0010414017740590,1,https://journals.sagepub.com/doi/suppl/10.1177_0010414017740590
10.1177_0010414017740600,1,https://journals.sagepub.com/doi/suppl/10.1177_0010414017740600
10.1177_0010414017740602,1,https://journals.sagepub.com/doi/suppl/10.1177_0010414017740602
10.1177_0010414017740603,1,https://journals.sagepub.com/doi/suppl/10.1177_0010414017740603
10.1177_0010414017740604,1,https://journals.sagepub.com/doi/suppl/10.1177_0010414017740604
10.1177_0010414018758752,1,https://journals.sagepub.com/doi/suppl/10.1177_0010414018758752
10.1177_0010414018758760,1,https://journals.sagepub.com/doi/suppl/10.1177_0010414018758760
10.1177_0010414018758761,1,https://journals.sagepub.com/doi/suppl/10.1177_0010414018758761
10.1177_0010414018758763,1,https://journals.sagepub.com/doi/suppl/10.1177_0010414018758763
10.1177_0010414018758764,1,https://journals.sagepub.com/doi/suppl/10.1177_0010414018758764
10.1177_0010414018758767,1,https://journals.sagepub.com/doi/suppl/10.1177_0010414018758767
10.1177_0010414018762369,1,https://journals.sagepub.com/doi/suppl/10.1177_0010414018762369
10.1177_0010414018774347,1,https://journals.sagepub.com/doi/suppl/10.1177_0010414018774347
10.1177_0010414018774355,1,https://journals.sagepub.com/doi/suppl/10.1177_0010414018774355
10.1177_0010414018774370,1,https://journals.sagepub.com/doi/suppl/10.1177_0010414018774370
10.1177_0010414018774372,1,https://journals.sagepub.com/doi/suppl/10.1177_0010414018774372
10.1177_0010414018774375,1,https://journals.sagepub.com/doi/suppl/10.1177_0010414018774375
10.1177_0010414018784054,1,https://journals.sagepub.com/doi/suppl/10.1177_0010414018784054
10.1177_0010414018784057,1,https://journals.sagepub.com/doi/suppl/10.1177_0010414018784057
10.1177_0010414018784062,1,https://journals.sagepub.com/doi/suppl/10.1177_0010414018784062
10.1177_0010414018784065,1,https://journals.sagepub.com/doi/suppl/10.1177_0010414018784065
10.1177_0010414018797932,1,https://journals.sagepub.com/doi/suppl/10.1177_0010414018797932
10.1177_0010414018797936,1,https://journals.sagepub.com/doi/suppl/10.1177_0010414018797936
10.1177_0010414018797938,1,https://journals.sagepub.com/doi/suppl/10.1177_0010414018797938
10.1177_0010414018797942,1,https://journals.sagepub.com/doi/suppl/10.1177_0010414018797942
10.1177_0010414018797943,1,https://journals.sagepub.com/doi/suppl/10.1177_0010414018797943
10.1177_0010414018797947,1,https://journals.sagepub.com/doi/suppl/10.1177_0010414018797947
10.1177_0010414018797950,1,https://journals.sagepub.com/doi/suppl/10.1177_0010414018797950
10.1177_0010414018797951,1,https://journals.sagepub.com/doi/suppl/10.1177_0010414018797951
10.1177_0010414018797954,1,https://journals.sagepub.com/doi/suppl/10.1177_0010414018797954
10.1177_0010414018806528,1,https://journals.sagepub.com/doi/suppl/10.1177_0010414018806528
10.1177_0010414018806529,1,https://journals.sagepub.com/doi/suppl/10.1177_0010414018806529
10.1177_0010414018806530,1,https://journals.sagepub.com/doi/suppl/10.1177_0010414018806530
10.1177_0010414018806536,1,https://journals.sagepub.com/doi/suppl/10.1177_0010414018806536
10.1177_0010414018806538,1,https://journals.sagepub.com/doi/suppl/10.1177_0010414018806538
10.1177_0010414018806539,1,https://journals.sagepub.com/doi/suppl/10.1177_0010414018806539
10.1177_0010414018806540,1,https://journals.sagepub.com/doi/suppl/10.1177_0010414018806540
10.1177_0010414019830708,1,https://journals.sagepub.com/doi/suppl/10.1177_0010414019830708
10.1177_0010414019830714,1,https://journals.sagepub.com/doi/suppl/10.1177_0010414019830714
10.1177_0010414019830716,1,https://journals.sagepub.com/doi/suppl/10.1177_0010414019830716
10.1177_0010414019830717,1,https://journals.sagepub.com/doi/suppl/10.1177_0010414019830717
10.1177_0010414019830719,1,https://journals.sagepub.com/doi/suppl/10.1177_0010414019830719
10.1177_0010414019830721,1,https://journals.sagepub.com/doi/suppl/10.1177_0010414019830721
10.1177_0010414019830723,1,https://journals.sagepub.com/doi/suppl/10.1177_0010414019830723
10.1177_0010414019830724,1,https://journals.sagepub.com/doi/suppl/10.1177_0010414019830724
10.1177_0010414019830728,1,https://journals.sagepub.com/doi/suppl/10.1177_0010414019830728
10.1177_0010414019830738,1,https://journals.sagepub.com/doi/suppl/10.1177_0010414019830738
10.1177_0010414019830740,1,https://journals.sagepub.com/doi/suppl/10.1177_0010414019830740
10.1177_0010414019830741,1,https://journals.sagepub.com/doi/suppl/10.1177_0010414019830741
10.1177_0010414019830746,1,https://journals.sagepub.com/doi/suppl/10.1177_0010414019830746
10.1177_0010414019843556,1,https://journals.sagepub.com/doi/suppl/10.1177_0010414019843556
10.1177_0010414019843559,1,https://journals.sagepub.com/doi/suppl/10.1177_0010414019843559
10.1177_0010414019843567,1,https://journals.sagepub.com/doi/suppl/10.1177_0010414019843567
10.1177_0010414019852694,1,https://journals.sagepub.com/doi/suppl/10.1177_0010414019852694
10.1177_0010414019857094,1,https://journals.sagepub.com/doi/suppl/10.1177_0010414019857094
10.1177_0010414019858936,1,https://journals.sagepub.com/doi/suppl/10.1177_0010414019858936
10.1177_0010414019858958,1,https://journals.sagepub.com/doi/suppl/10.1177_0010414019858958
10.1177_0010414019858959,1,https://journals.sagepub.com/doi/suppl/10.1177_0010414019858959
10.1177_0010414019858962,1,https://journals.sagepub.com/doi/suppl/10.1177_0010414019858962
10.1177_0010414019858964,1,https://journals.sagepub.com/doi/suppl/10.1177_0010414019858964
10.1177_0010414019859040,1,https://journals.sagepub.com/doi/suppl/10.1177_0010414019859040
10.1177_0010414019879718,1,https://journals.sagepub.com/doi/suppl/10.1177_0010414019879718
10.1177_0010414019879945,1,https://journals.sagepub.com/doi/suppl/10.1177_0010414019879945
10.1177_0010414019879947,1,https://journals.sagepub.com/doi/suppl/10.1177_0010414019879947
10.1177_0010414019879953,1,https://journals.sagepub.com/doi/suppl/10.1177_0010414019879953
10.1177_0010414019879954,1,https://journals.sagepub.com/doi/suppl/10.1177_0010414019879954
10.1177_0010414019879956,1,https://journals.sagepub.com/doi/suppl/10.1177_0010414019879956
10.1177_0010414019879958,1,https://journals.sagepub.com/doi/suppl/10.1177_0010414019879958
10.1177_0010414019879959,1,https://journals.sagepub.com/doi/suppl/10.1177_0010414019879959
10.1177_0010414019879964,1,https://journals.sagepub.com/doi/suppl/10.1177_0010414019879964
10.1177_0010414019897417,1,https://journals.sagepub.com/doi/suppl/10.1177_0010414019897417
10.1177_0010414019897418,1,https://journals.sagepub.com/doi/suppl/10.1177_0010414019897418
10.1177_0010414019897677,1,https://journals.sagepub.com/doi/suppl/10.1177_0010414019897677
10.1177_0010414019897683,1,https://journals.sagepub.com/doi/suppl/10.1177_0010414019897683
10.1177_0010414019897686,1,https://journals.sagepub.com/doi/suppl/10.1177_0010414019897686
10.1177_0010414019897700,1,https://journals.sagepub.com/doi/suppl/10.1177_0010414019897700
10.1177_0010414020912269,1,https://journals.sagepub.com/doi/suppl/10.1177_0010414020912269
10.1177_0010414020912283,1,https://journals.sagepub.com/doi/suppl/10.1177_0010414020912283
10.1177_0010414020912286,1,https://journals.sagepub.com/doi/suppl/10.1177_0010414020912286
10.1177_0010414020957671,1,https://journals.sagepub.com/doi/suppl/10.1177_0010414020957671
10.1177_0738894211433162,1,https://journals.sagepub.com/doi/suppl/10.1177_0738894211433162
10.1177_0738894213508691,1,https://journals.sagepub.com/doi/suppl/10.1177_0738894213508691
10.1177_0738894213508711,1,https://journals.sagepub.com/doi/suppl/10.1177_0738894213508711
10.1177_0738894214544613,1,https://journals.sagepub.com/doi/suppl/10.1177_0738894214544613
10.1177_0738894214559671,1,https://journals.sagepub.com/doi/suppl/10.1177_0738894214559671
10.1177_0738894215581320,1,https://journals.sagepub.com/doi/suppl/10.1177_0738894215581320
10.1177_0738894215611133,1,https://journals.sagepub.com/doi/suppl/10.1177_0738894215611133
10.1177_0738894215611865,1,https://journals.sagepub.com/doi/suppl/10.1177_0738894215611865
10.1177_0738894216635023,1,https://journals.sagepub.com/doi/suppl/10.1177_0738894216635023
10.1177_0738894216650420,1,https://journals.sagepub.com/doi/suppl/10.1177_0738894216650420
10.1177_0738894216650428,1,https://journals.sagepub.com/doi/suppl/10.1177_0738894216650428
10.1177_0738894216650429,1,https://journals.sagepub.com/doi/suppl/10.1177_0738894216650429
10.1177_0738894216650635,1,https://journals.sagepub.com/doi/suppl/10.1177_0738894216650635
10.1177_0738894216652160,1,https://journals.sagepub.com/doi/suppl/10.1177_0738894216652160
10.1177_0738894216653382,1,https://journals.sagepub.com/doi/suppl/10.1177_0738894216653382
10.1177_0738894216653601,1,https://journals.sagepub.com/doi/suppl/10.1177_0738894216653601
10.1177_0738894216655514,1,https://journals.sagepub.com/doi/suppl/10.1177_0738894216655514
10.1177_0738894216659843,1,https://journals.sagepub.com/doi/suppl/10.1177_0738894216659843
10.1177_0738894216661190,1,https://journals.sagepub.com/doi/suppl/10.1177_0738894216661190
10.1177_0738894216665228,1,https://journals.sagepub.com/doi/suppl/10.1177_0738894216665228
10.1177_0738894216674953,1,https://journals.sagepub.com/doi/suppl/10.1177_0738894216674953
10.1177_0738894216674969,1,https://journals.sagepub.com/doi/suppl/10.1177_0738894216674969
10.1177_0738894216674970,1,https://journals.sagepub.com/doi/suppl/10.1177_0738894216674970
10.1177_0738894216682485,1,https://journals.sagepub.com/doi/suppl/10.1177_0738894216682485
10.1177_0738894216686789,1,https://journals.sagepub.com/doi/suppl/10.1177_0738894216686789
10.1177_0738894216688894,1,https://journals.sagepub.com/doi/suppl/10.1177_0738894216688894
10.1177_0738894216689560,1,https://journals.sagepub.com/doi/suppl/10.1177_0738894216689560
10.1177_0738894216689814,1,https://journals.sagepub.com/doi/suppl/10.1177_0738894216689814
10.1177_0738894217691463,1,https://journals.sagepub.com/doi/suppl/10.1177_0738894217691463
10.1177_0738894217693595,1,https://journals.sagepub.com/doi/suppl/10.1177_0738894217693595
10.1177_0738894217693619,1,https://journals.sagepub.com/doi/suppl/10.1177_0738894217693619
10.1177_0738894217695524,1,https://journals.sagepub.com/doi/suppl/10.1177_0738894217695524
10.1177_0738894217695536,1,https://journals.sagepub.com/doi/suppl/10.1177_0738894217695536
10.1177_0738894217696228,1,https://journals.sagepub.com/doi/suppl/10.1177_0738894217696228
10.1177_0738894217697458,1,https://journals.sagepub.com/doi/suppl/10.1177_0738894217697458
10.1177_0738894217702516,1,https://journals.sagepub.com/doi/suppl/10.1177_0738894217702516
10.1177_0738894217704632,1,https://journals.sagepub.com/doi/suppl/10.1177_0738894217704632
10.1177_0738894217711355,1,https://journals.sagepub.com/doi/suppl/10.1177_0738894217711355
10.1177_0738894217716464,1,https://journals.sagepub.com/doi/suppl/10.1177_0738894217716464
10.1177_0738894217723160,1,https://journals.sagepub.com/doi/suppl/10.1177_0738894217723160
10.1177_0738894217724568,1,https://journals.sagepub.com/doi/suppl/10.1177_0738894217724568
10.1177_0738894218787784,1,https://journals.sagepub.com/doi/suppl/10.1177_0738894218787784
10.1177_0738894219881427,1,https://journals.sagepub.com/doi/suppl/10.1177_0738894219881427
10.1177_0738894219881430,1,https://journals.sagepub.com/doi/suppl/10.1177_0738894219881430
10.1111_1475-6765.12000,1,https://www.doi.org/10.1111_1475-6765.12000
10.1111_1475-6765.12001,1,https://journals.sagepub.com/doi/suppl/10.1111_1475-6765.12001
10.1111_1475-6765.12002,1,https://journals.sagepub.com/doi/suppl/10.1111_1475-6765.12002
10.1111_1475-6765.12004,1,https://journals.sagepub.com/doi/suppl/10.1111_1475-6765.12004
10.1111_1475-6765.12005,1,https://www.doi.org/10.1111_1475-6765.12005
10.1111_1475-6765.12008,1,https://www.doi.org/10.1111_1475-6765.12008
10.1111_1475-6765.12010,1,https://www.doi.org/10.1111_1475-6765.12010
10.1111_1475-6765.12011,1,https://journals.sagepub.com/doi/suppl/10.1111_1475-6765.12011
10.1111_1475-6765.12012,1,https://www.doi.org/10.1111_1475-6765.12012
10.1111_1475-6765.12014,1,https://journals.sagepub.com/doi/suppl/10.1111_1475-6765.12014
10.1111_1475-6765.12017,1,https://www.doi.org/10.1111_1475-6765.12017
10.1111_1475-6765.12018,1,https://journals.sagepub.com/doi/suppl/10.1111_1475-6765.12018
10.1111_1475-6765.12019,1,https://www.doi.org/10.1111_1475-6765.12019
10.1111_1475-6765.12020,1,https://journals.sagepub.com/doi/suppl/10.1111_1475-6765.12020
10.1111_1475-6765.12027,1,https://www.doi.org/10.1111_1475-6765.12027
10.1111_1475-6765.12029,1,https://journals.sagepub.com/doi/suppl/10.1111_1475-6765.12029
10.1111_1475-6765.12031,1,https://www.doi.org/10.1111_1475-6765.12031
10.1111_1475-6765.12032,1,https://journals.sagepub.com/doi/suppl/10.1111_1475-6765.12032
10.1111_1475-6765.12035,1,https://www.doi.org/10.1111_1475-6765.12035
10.1111_1475-6765.12037,1,https://journals.sagepub.com/doi/suppl/10.1111_1475-6765.12037
10.1111_1475-6765.12038,1,https://www.doi.org/10.1111_1475-6765.12038
10.1111_1475-6765.12039,1,https://journals.sagepub.com/doi/suppl/10.1111_1475-6765.12039
10.1111_1475-6765.12042,1,https://www.doi.org/10.1111_1475-6765.12042
10.1111_1475-6765.12046,1,https://www.doi.org/10.1111_1475-6765.12046
10.1111_1475-6765.12048,1,https://journals.sagepub.com/doi/suppl/10.1111_1475-6765.12048
10.1111_1475-6765.12052,1,https://journals.sagepub.com/doi/suppl/10.1111_1475-6765.12052
10.1111_1475-6765.12060,1,https://www.doi.org/10.1111_1475-6765.12060
10.1111_1475-6765.12063,1,https://journals.sagepub.com/doi/suppl/10.1111_1475-6765.12063
10.1111_1475-6765.12068,1,https://www.doi.org/10.1111_1475-6765.12068
10.1111_1475-6765.12069,1,https://journals.sagepub.com/doi/suppl/10.1111_1475-6765.12069
10.1111_1475-6765.12070,1,https://www.doi.org/10.1111_1475-6765.12070
10.1111_1475-6765.12071,1,https://journals.sagepub.com/doi/suppl/10.1111_1475-6765.12071
10.1111_1475-6765.12074,1,https://www.doi.org/10.1111_1475-6765.12074
10.1111_1475-6765.12075,1,https://journals.sagepub.com/doi/suppl/10.1111_1475-6765.12075
10.1111_1475-6765.12080,1,https://www.doi.org/10.1111_1475-6765.12080
10.1111_1475-6765.12081,1,https://journals.sagepub.com/doi/suppl/10.1111_1475-6765.12081
10.1111_1475-6765.12090,1,https://journals.sagepub.com/doi/suppl/10.1111_1475-6765.12090
10.1111_1475-6765.12091,1,https://www.doi.org/10.1111_1475-6765.12091
10.1111_1475-6765.12095,1,https://journals.sagepub.com/doi/suppl/10.1111_1475-6765.12095
10.1111_1475-6765.12099,1,https://journals.sagepub.com/doi/suppl/10.1111_1475-6765.12099
10.1111_1475-6765.12101,1,https://www.doi.org/10.1111_1475-6765.12101
10.1111_1475-6765.12106,1,https://journals.sagepub.com/doi/suppl/10.1111_1475-6765.12106
10.1111_1475-6765.12107,1,https://www.doi.org/10.1111_1475-6765.12107
10.1111_1475-6765.12111,1,https://journals.sagepub.com/doi/suppl/10.1111_1475-6765.12111
10.1111_1475-6765.12116,1,https://journals.sagepub.com/doi/suppl/10.1111_1475-6765.12116
10.1111_1475-6765.12118,1,https://www.doi.org/10.1111_1475-6765.12118
10.1111_1475-6765.12126,1,https://journals.sagepub.com/doi/suppl/10.1111_1475-6765.12126
10.1111_1475-6765.12127,1,https://www.doi.org/10.1111_1475-6765.12127
10.1111_1475-6765.12131,1,https://www.doi.org/10.1111_1475-6765.12131
10.1111_1475-6765.12134,1,https://journals.sagepub.com/doi/suppl/10.1111_1475-6765.12134
10.1111_1475-6765.12135,1,https://www.doi.org/10.1111_1475-6765.12135
10.1111_1475-6765.12138,1,https://journals.sagepub.com/doi/suppl/10.1111_1475-6765.12138
10.1111_1475-6765.12139,1,https://www.doi.org/10.1111_1475-6765.12139
10.1111_1475-6765.12147,1,https://journals.sagepub.com/doi/suppl/10.1111_1475-6765.12147
10.1111_1475-6765.12148,1,https://www.doi.org/10.1111_1475-6765.12148
10.1111_1475-6765.12152,1,https://journals.sagepub.com/doi/suppl/10.1111_1475-6765.12152
10.1111_1475-6765.12153,1,https://www.doi.org/10.1111_1475-6765.12153
10.1111_1475-6765.12157,1,https://journals.sagepub.com/doi/suppl/10.1111_1475-6765.12157
10.1111_1475-6765.12161,1,https://www.doi.org/10.1111_1475-6765.12161
10.1111_1475-6765.12165,1,https://www.doi.org/10.1111_1475-6765.12165
10.1111_1475-6765.12169,1,https://www.doi.org/10.1111_1475-6765.12169
10.1111_1475-6765.12177,1,https://journals.sagepub.com/doi/suppl/10.1111_1475-6765.12177
10.1111_1475-6765.12182,1,https://www.doi.org/10.1111_1475-6765.12182
10.1111_1475-6765.12183,1,https://www.doi.org/10.1111_1475-6765.12183
10.1111_1475-6765.12192,1,https://journals.sagepub.com/doi/suppl/10.1111_1475-6765.12192
10.1111_1475-6765.12198,1,https://www.doi.org/10.1111_1475-6765.12198
10.1111_1475-6765.12200,1,https://journals.sagepub.com/doi/suppl/10.1111_1475-6765.12200
10.1111_1475-6765.12206,1,https://www.doi.org/10.1111_1475-6765.12206
10.1111_1475-6765.12215,1,https://journals.sagepub.com/doi/suppl/10.1111_1475-6765.12215
10.1111_1475-6765.12236,1,https://www.doi.org/10.1111_1475-6765.12236
10.1111_1475-6765.12243,1,https://www.doi.org/10.1111_1475-6765.12243
10.1111_1475-6765.12246,1,https://journals.sagepub.com/doi/suppl/10.1111_1475-6765.12246
10.1111_1475-6765.12251,1,https://www.doi.org/10.1111_1475-6765.12251
10.1111_1475-6765.12255,1,https://journals.sagepub.com/doi/suppl/10.1111_1475-6765.12255
10.1111_1475-6765.12273,1,https://www.doi.org/10.1111_1475-6765.12273
10.1111_1475-6765.12280,1,https://www.doi.org/10.1111_1475-6765.12280
10.1111_1475-6765.12285,1,https://www.doi.org/10.1111_1475-6765.12285
10.1111_1475-6765.12298,1,https://journals.sagepub.com/doi/suppl/10.1111_1475-6765.12298
10.1111_1475-6765.12304,1,https://www.doi.org/10.1111_1475-6765.12304
10.1111_1475-6765.12305,1,https://journals.sagepub.com/doi/suppl/10.1111_1475-6765.12305
10.1111_1475-6765.12307,1,https://www.doi.org/10.1111_1475-6765.12307
10.1111_1475-6765.12312,1,https://www.doi.org/10.1111_1475-6765.12312
10.1111_1475-6765.12321,1,https://journals.sagepub.com/doi/suppl/10.1111_1475-6765.12321
10.1111_1475-6765.12323,1,https://www.doi.org/10.1111_1475-6765.12323
10.1111_1475-6765.12327,1,https://www.doi.org/10.1111_1475-6765.12327
10.1111_1475-6765.12330,1,https://www.doi.org/10.1111_1475-6765.12330
10.1111_1475-6765.12331,1,https://www.doi.org/10.1111_1475-6765.12331
10.1111_1475-6765.12332,1,https://www.doi.org/10.1111_1475-6765.12332
10.1111_1475-6765.12334,1,https://www.doi.org/10.1111_1475-6765.12334
10.1111_1475-6765.12337,1,https://journals.sagepub.com/doi/suppl/10.1111_1475-6765.12337
10.1111_1475-6765.12339,1,https://www.doi.org/10.1111_1475-6765.12339
10.1111_1475-6765.12340,1,https://www.doi.org/10.1111_1475-6765.12340
10.1111_1475-6765.12342,1,https://www.doi.org/10.1111_1475-6765.12342
10.1111_1475-6765.12347,1,https://journals.sagepub.com/doi/suppl/10.1111_1475-6765.12347
10.1111_1475-6765.12348,1,https://journals.sagepub.com/doi/suppl/10.1111_1475-6765.12348
10.1111_1475-6765.12349,1,https://journals.sagepub.com/doi/suppl/10.1111_1475-6765.12349
10.1111_1475-6765.12350,1,https://journals.sagepub.com/doi/suppl/10.1111_1475-6765.12350
10.1111_1475-6765.12352,1,https://journals.sagepub.com/doi/suppl/10.1111_1475-6765.12352
10.1111_1475-6765.12353,1,https://journals.sagepub.com/doi/suppl/10.1111_1475-6765.12353
10.1111_1475-6765.12355,1,https://journals.sagepub.com/doi/suppl/10.1111_1475-6765.12355
10.1111_1475-6765.12356,1,https://www.doi.org/10.1111_1475-6765.12356
10.1111_1475-6765.12357,1,https://www.doi.org/10.1111_1475-6765.12357
10.1111_1475-6765.12358,1,https://journals.sagepub.com/doi/suppl/10.1111_1475-6765.12358
10.1111_1475-6765.12359,1,https://journals.sagepub.com/doi/suppl/10.1111_1475-6765.12359
10.1111_1475-6765.12360,1,https://journals.sagepub.com/doi/suppl/10.1111_1475-6765.12360
10.1111_1475-6765.12361,1,https://journals.sagepub.com/doi/suppl/10.1111_1475-6765.12361
10.1111_1475-6765.12362,1,https://journals.sagepub.com/doi/suppl/10.1111_1475-6765.12362
10.1111_1475-6765.12363,1,https://www.doi.org/10.1111_1475-6765.12363
10.1111_1475-6765.12365,1,https://www.doi.org/10.1111_1475-6765.12365
10.1111_1475-6765.12367,1,https://www.doi.org/10.1111_1475-6765.12367
10.1111_1475-6765.12368,1,https://www.doi.org/10.1111_1475-6765.12368
10.1111_1475-6765.12372,1,https://www.doi.org/10.1111_1475-6765.12372
10.1111_1475-6765.12373,1,https://journals.sagepub.com/doi/suppl/10.1111_1475-6765.12373
10.1111_1475-6765.12374,1,https://journals.sagepub.com/doi/suppl/10.1111_1475-6765.12374
10.1111_1475-6765.12375,1,https://journals.sagepub.com/doi/suppl/10.1111_1475-6765.12375
10.1111_1475-6765.12376,1,https://journals.sagepub.com/doi/suppl/10.1111_1475-6765.12376
10.1111_1475-6765.12377,1,https://www.doi.org/10.1111_1475-6765.12377
10.1111_1475-6765.12378,1,https://www.doi.org/10.1111_1475-6765.12378
10.1111_1475-6765.12379,1,https://www.doi.org/10.1111_1475-6765.12379
10.1111_1475-6765.12381,1,https://journals.sagepub.com/doi/suppl/10.1111_1475-6765.12381
10.1111_1475-6765.12382,1,https://journals.sagepub.com/doi/suppl/10.1111_1475-6765.12382
10.1111_1475-6765.12383,1,https://journals.sagepub.com/doi/suppl/10.1111_1475-6765.12383
10.1111_1475-6765.12385,1,https://www.doi.org/10.1111_1475-6765.12385
10.1111_1475-6765.12386,1,https://www.doi.org/10.1111_1475-6765.12386
10.1111_1475-6765.12388,1,https://www.doi.org/10.1111_1475-6765.12388
10.1111_1475-6765.12391,1,https://www.doi.org/10.1111_1475-6765.12391
10.1111_1475-6765.12392,1,https://journals.sagepub.com/doi/suppl/10.1111_1475-6765.12392
10.1111_1475-6765.12393,1,https://journals.sagepub.com/doi/suppl/10.1111_1475-6765.12393
10.1111_1475-6765.12394,1,https://journals.sagepub.com/doi/suppl/10.1111_1475-6765.12394
10.1111_1475-6765.12395,1,https://journals.sagepub.com/doi/suppl/10.1111_1475-6765.12395
10.1111_1475-6765.12396,1,https://www.doi.org/10.1111_1475-6765.12396
10.1111_1475-6765.12397,1,https://www.doi.org/10.1111_1475-6765.12397
10.1111_1475-6765.12398,1,https://www.doi.org/10.1111_1475-6765.12398
10.1111_1475-6765.12399,1,https://www.doi.org/10.1111_1475-6765.12399
10.1111_1475-6765.12400,1,https://journals.sagepub.com/doi/suppl/10.1111_1475-6765.12400
10.1111_1475-6765.12403,1,https://journals.sagepub.com/doi/suppl/10.1111_1475-6765.12403
10.1111_1475-6765.12404,1,https://journals.sagepub.com/doi/suppl/10.1111_1475-6765.12404
10.1111_1475-6765.12405,1,https://journals.sagepub.com/doi/suppl/10.1111_1475-6765.12405
10.1111_1475-6765.12406,1,https://journals.sagepub.com/doi/suppl/10.1111_1475-6765.12406
10.1111_1475-6765.12408,1,https://www.doi.org/10.1111_1475-6765.12408
10.1111_1475-6765.12410,1,https://www.doi.org/10.1111_1475-6765.12410
10.1111_1475-6765.12412,1,https://www.doi.org/10.1111_1475-6765.12412
10.1111_1475-6765.12413,1,https://www.doi.org/10.1111_1475-6765.12413
10.1111_1475-6765.12417,1,https://www.doi.org/10.1111_1475-6765.12417
10.1111_1475-6765.12418,1,https://www.doi.org/10.1111_1475-6765.12418
10.1111_1475-6765.12419,1,https://www.doi.org/10.1111_1475-6765.12419
10.1111_1475-6765.12420,1,https://www.doi.org/10.1111_1475-6765.12420
10.1111_j.1475-6765.2009.01851.x,1,https://journals.sagepub.com/doi/suppl/10.1111_j.1475-6765.2009.01851.x
10.1111_j.1475-6765.2009.01875.x,1,https://www.doi.org/10.1111_j.1475-6765.2009.01875.x
10.1111_j.1475-6765.2009.01878.x,1,https://journals.sagepub.com/doi/suppl/10.1111_j.1475-6765.2009.01878.x
10.1111_j.1475-6765.2009.01884.x,1,https://www.doi.org/10.1111_j.1475-6765.2009.01884.x
10.1111_j.1475-6765.2009.01886.x,1,https://journals.sagepub.com/doi/suppl/10.1111_j.1475-6765.2009.01886.x
10.1111_j.1475-6765.2009.01887.x,1,https://www.doi.org/10.1111_j.1475-6765.2009.01887.x
10.1111_j.1475-6765.2009.01896.x,1,https://journals.sagepub.com/doi/suppl/10.1111_j.1475-6765.2009.01896.x
10.1111_j.1475-6765.2009.01898.x,1,https://www.doi.org/10.1111_j.1475-6765.2009.01898.x
10.1111_j.1475-6765.2009.01900.x,1,https://journals.sagepub.com/doi/suppl/10.1111_j.1475-6765.2009.01900.x
10.1111_j.1475-6765.2009.01901.x,1,https://www.doi.org/10.1111_j.1475-6765.2009.01901.x
10.1111_j.1475-6765.2009.01902.x,1,https://journals.sagepub.com/doi/suppl/10.1111_j.1475-6765.2009.01902.x
10.1111_j.1475-6765.2009.01904.x,1,https://journals.sagepub.com/doi/suppl/10.1111_j.1475-6765.2009.01904.x
10.1111_j.1475-6765.2009.01906.x,1,https://www.doi.org/10.1111_j.1475-6765.2009.01906.x
10.1111_j.1475-6765.2009.01907.x,1,https://journals.sagepub.com/doi/suppl/10.1111_j.1475-6765.2009.01907.x
10.1111_j.1475-6765.2010.01915.x,1,https://www.doi.org/10.1111_j.1475-6765.2010.01915.x
10.1111_j.1475-6765.2010.01916.x,1,https://journals.sagepub.com/doi/suppl/10.1111_j.1475-6765.2010.01916.x
10.1111_j.1475-6765.2010.01917.x,1,https://www.doi.org/10.1111_j.1475-6765.2010.01917.x
10.1111_j.1475-6765.2010.01918.x,1,https://journals.sagepub.com/doi/suppl/10.1111_j.1475-6765.2010.01918.x
10.1111_j.1475-6765.2010.01919.x,1,https://journals.sagepub.com/doi/suppl/10.1111_j.1475-6765.2010.01919.x
10.1111_j.1475-6765.2010.01920.x,1,https://www.doi.org/10.1111_j.1475-6765.2010.01920.x
10.1111_j.1475-6765.2010.01922.x,1,https://journals.sagepub.com/doi/suppl/10.1111_j.1475-6765.2010.01922.x
10.1111_j.1475-6765.2010.01923.x,1,https://www.doi.org/10.1111_j.1475-6765.2010.01923.x
10.1111_j.1475-6765.2010.01924.x,1,https://journals.sagepub.com/doi/suppl/10.1111_j.1475-6765.2010.01924.x
10.1111_j.1475-6765.2010.01925.x,1,https://www.doi.org/10.1111_j.1475-6765.2010.01925.x
10.1111_j.1475-6765.2010.01926.x,1,https://journals.sagepub.com/doi/suppl/10.1111_j.1475-6765.2010.01926.x
10.1111_j.1475-6765.2010.01927.x,1,https://www.doi.org/10.1111_j.1475-6765.2010.01927.x
10.1111_j.1475-6765.2010.01929.x,1,https://journals.sagepub.com/doi/suppl/10.1111_j.1475-6765.2010.01929.x
10.1111_j.1475-6765.2010.01931.x,1,https://www.doi.org/10.1111_j.1475-6765.2010.01931.x
10.1111_j.1475-6765.2010.01934.x,1,https://journals.sagepub.com/doi/suppl/10.1111_j.1475-6765.2010.01934.x
10.1111_j.1475-6765.2010.01935.x,1,https://www.doi.org/10.1111_j.1475-6765.2010.01935.x
10.1111_j.1475-6765.2010.01936.x,1,https://journals.sagepub.com/doi/suppl/10.1111_j.1475-6765.2010.01936.x
10.1111_j.1475-6765.2010.01937.x,1,https://www.doi.org/10.1111_j.1475-6765.2010.01937.x
10.1111_j.1475-6765.2010.01978.x,1,https://journals.sagepub.com/doi/suppl/10.1111_j.1475-6765.2010.01978.x
10.1111_j.1475-6765.2010.01981.x,1,https://www.doi.org/10.1111_j.1475-6765.2010.01981.x
10.1111_j.1475-6765.2010.01982.x,1,https://journals.sagepub.com/doi/suppl/10.1111_j.1475-6765.2010.01982.x
10.1111_j.1475-6765.2010.01983.x,1,https://www.doi.org/10.1111_j.1475-6765.2010.01983.x
10.1111_j.1475-6765.2010.01984.x,1,https://journals.sagepub.com/doi/suppl/10.1111_j.1475-6765.2010.01984.x
10.1111_j.1475-6765.2010.01985.x,1,https://www.doi.org/10.1111_j.1475-6765.2010.01985.x
10.1111_j.1475-6765.2010.01986.x,1,https://journals.sagepub.com/doi/suppl/10.1111_j.1475-6765.2010.01986.x
10.1111_j.1475-6765.2011.01988.x,1,https://www.doi.org/10.1111_j.1475-6765.2011.01988.x
10.1111_j.1475-6765.2011.01990.x,1,https://journals.sagepub.com/doi/suppl/10.1111_j.1475-6765.2011.01990.x
10.1111_j.1475-6765.2011.01991.x,1,https://www.doi.org/10.1111_j.1475-6765.2011.01991.x
10.1111_j.1475-6765.2011.01994.x,1,https://journals.sagepub.com/doi/suppl/10.1111_j.1475-6765.2011.01994.x
10.1111_j.1475-6765.2011.01996.x,1,https://www.doi.org/10.1111_j.1475-6765.2011.01996.x
10.1111_j.1475-6765.2011.01999.x,1,https://www.doi.org/10.1111_j.1475-6765.2011.01999.x
10.1111_j.1475-6765.2011.02001.x,1,https://journals.sagepub.com/doi/suppl/10.1111_j.1475-6765.2011.02001.x
10.1111_j.1475-6765.2011.02002.x,1,https://www.doi.org/10.1111_j.1475-6765.2011.02002.x
10.1111_j.1475-6765.2011.02004.x,1,https://journals.sagepub.com/doi/suppl/10.1111_j.1475-6765.2011.02004.x
10.1111_j.1475-6765.2011.02006.x,1,https://www.doi.org/10.1111_j.1475-6765.2011.02006.x
10.1111_j.1475-6765.2011.02007.x,1,https://www.doi.org/10.1111_j.1475-6765.2011.02007.x
10.1111_j.1475-6765.2011.02008.x,1,https://journals.sagepub.com/doi/suppl/10.1111_j.1475-6765.2011.02008.x
10.1111_j.1475-6765.2011.02047.x,1,https://www.doi.org/10.1111_j.1475-6765.2011.02047.x
10.1111_j.1475-6765.2011.02049.x,1,https://journals.sagepub.com/doi/suppl/10.1111_j.1475-6765.2011.02049.x
10.1111_j.1475-6765.2011.02051.x,1,https://www.doi.org/10.1111_j.1475-6765.2011.02051.x
10.1111_j.1475-6765.2012.02053.x,1,https://journals.sagepub.com/doi/suppl/10.1111_j.1475-6765.2012.02053.x
10.1111_j.1475-6765.2012.02055.x,1,https://www.doi.org/10.1111_j.1475-6765.2012.02055.x
10.1111_j.1475-6765.2012.02056.x,1,https://journals.sagepub.com/doi/suppl/10.1111_j.1475-6765.2012.02056.x
10.1111_j.1475-6765.2012.02057.x,1,https://www.doi.org/10.1111_j.1475-6765.2012.02057.x
10.1111_j.1475-6765.2012.02058.x,1,https://journals.sagepub.com/doi/suppl/10.1111_j.1475-6765.2012.02058.x
10.1111_j.1475-6765.2012.02061.x,1,https://www.doi.org/10.1111_j.1475-6765.2012.02061.x
10.1111_j.1475-6765.2012.02063.x,1,https://journals.sagepub.com/doi/suppl/10.1111_j.1475-6765.2012.02063.x
10.1111_j.1475-6765.2012.02064.x,1,https://www.doi.org/10.1111_j.1475-6765.2012.02064.x
10.1111_j.1475-6765.2012.02067.x,1,https://journals.sagepub.com/doi/suppl/10.1111_j.1475-6765.2012.02067.x
10.1111_j.1475-6765.2012.02069.x,1,https://journals.sagepub.com/doi/suppl/10.1111_j.1475-6765.2012.02069.x
10.1111_j.1475-6765.2012.02070.x,1,https://www.doi.org/10.1111_j.1475-6765.2012.02070.x
10.1111_j.1475-6765.2012.02071.x,1,https://journals.sagepub.com/doi/suppl/10.1111_j.1475-6765.2012.02071.x
10.1111_j.1475-6765.2012.02072.x,1,https://www.doi.org/10.1111_j.1475-6765.2012.02072.x
10.1111_j.1475-6765.2012.02074.x,1,https://journals.sagepub.com/doi/suppl/10.1111_j.1475-6765.2012.02074.x
10.1177_1465116519886365,1,https://journals.sagepub.com/doi/suppl/10.1177_1465116519886365
10.1177_1465116519897820,1,https://journals.sagepub.com/doi/suppl/10.1177_1465116519897820
10.1177_1465116520902530,1,https://journals.sagepub.com/doi/suppl/10.1177_1465116520902530
10.1080_13501760903465082,1,https://journals.sagepub.com/doi/suppl/10.1080_13501760903465082
10.1080_13501760903465173,1,https://www.doi.org/10.1080_13501760903465173
10.1080_13501760903561757,1,https://journals.sagepub.com/doi/suppl/10.1080_13501760903561757
10.1080_13501763.2010.486972,1,https://journals.sagepub.com/doi/suppl/10.1080_13501763.2010.486972
10.1080_13501763.2010.499229,1,https://www.doi.org/10.1080_13501763.2010.499229
10.1080_13501763.2010.513562,1,https://journals.sagepub.com/doi/suppl/10.1080_13501763.2010.513562
10.1080_13501763.2010.513572,1,https://www.doi.org/10.1080_13501763.2010.513572
10.1080_13501763.2011.544499,1,https://journals.sagepub.com/doi/suppl/10.1080_13501763.2011.544499
10.1080_13501763.2011.544513,1,https://www.doi.org/10.1080_13501763.2011.544513
10.1080_13501763.2011.593311,1,https://journals.sagepub.com/doi/suppl/10.1080_13501763.2011.593311
10.1080_13501763.2011.599982,1,https://www.doi.org/10.1080_13501763.2011.599982
10.1080_13501763.2011.599991,1,https://journals.sagepub.com/doi/suppl/10.1080_13501763.2011.599991
10.1080_13501763.2011.610696,1,https://journals.sagepub.com/doi/suppl/10.1080_13501763.2011.610696
10.1080_13501763.2011.614158,1,https://www.doi.org/10.1080_13501763.2011.614158
10.1080_13501763.2011.646790,1,https://journals.sagepub.com/doi/suppl/10.1080_13501763.2011.646790
10.1080_13501763.2011.650983,1,https://www.doi.org/10.1080_13501763.2011.650983
10.1080_13501763.2012.632127,1,https://journals.sagepub.com/doi/suppl/10.1080_13501763.2012.632127
10.1080_13501763.2012.662028,1,https://www.doi.org/10.1080_13501763.2012.662028
10.1080_13501763.2012.672103,1,https://journals.sagepub.com/doi/suppl/10.1080_13501763.2012.672103
10.1080_13501763.2012.677189,1,https://www.doi.org/10.1080_13501763.2012.677189
10.1080_13501763.2012.693409,1,https://journals.sagepub.com/doi/suppl/10.1080_13501763.2012.693409
10.1080_13501763.2012.693411,1,https://www.doi.org/10.1080_13501763.2012.693411
10.1080_13501763.2012.718889,1,https://www.doi.org/10.1080_13501763.2012.718889
10.1080_13501763.2012.760328,1,https://journals.sagepub.com/doi/suppl/10.1080_13501763.2012.760328
10.1080_13501763.2013.761509,1,https://www.doi.org/10.1080_13501763.2013.761509
10.1080_13501763.2013.781800,1,https://journals.sagepub.com/doi/suppl/10.1080_13501763.2013.781800
10.1080_13501763.2013.795372,1,https://www.doi.org/10.1080_13501763.2013.795372
10.1080_13501763.2013.795393,1,https://journals.sagepub.com/doi/suppl/10.1080_13501763.2013.795393
10.1080_13501763.2013.822823,1,https://www.doi.org/10.1080_13501763.2013.822823
10.1080_13501763.2013.829580,1,https://journals.sagepub.com/doi/suppl/10.1080_13501763.2013.829580
10.1080_13501763.2013.867892,1,https://www.doi.org/10.1080_13501763.2013.867892
10.1080_13501763.2014.1000364,1,https://journals.sagepub.com/doi/suppl/10.1080_13501763.2014.1000364
10.1080_13501763.2014.887138,1,https://www.doi.org/10.1080_13501763.2014.887138
10.1080_13501763.2014.910870,1,https://journals.sagepub.com/doi/suppl/10.1080_13501763.2014.910870
10.1080_13501763.2014.915871,1,https://journals.sagepub.com/doi/suppl/10.1080_13501763.2014.915871
10.1080_13501763.2014.923022,1,https://www.doi.org/10.1080_13501763.2014.923022
10.1080_13501763.2014.936483,1,https://journals.sagepub.com/doi/suppl/10.1080_13501763.2014.936483
10.1080_13501763.2014.988639,1,https://journals.sagepub.com/doi/suppl/10.1080_13501763.2014.988639
10.1080_13501763.2015.1008551,1,https://journals.sagepub.com/doi/suppl/10.1080_13501763.2015.1008551
10.1080_13501763.2015.1008552,1,https://www.doi.org/10.1080_13501763.2015.1008552
10.1080_13501763.2015.1008555,1,https://journals.sagepub.com/doi/suppl/10.1080_13501763.2015.1008555
10.1080_13501763.2015.1041416,1,https://journals.sagepub.com/doi/suppl/10.1080_13501763.2015.1041416
10.1080_13501763.2015.1043323,1,https://www.doi.org/10.1080_13501763.2015.1043323
10.1080_13501763.2015.1048704,1,https://journals.sagepub.com/doi/suppl/10.1080_13501763.2015.1048704
10.1080_13501763.2015.1055781,1,https://journals.sagepub.com/doi/suppl/10.1080_13501763.2015.1055781
10.1080_13501763.2015.1102952,1,https://journals.sagepub.com/doi/suppl/10.1080_13501763.2015.1102952
10.1080_13501763.2016.1149206,1,https://www.doi.org/10.1080_13501763.2016.1149206
10.1080_13501763.2016.1170872,1,https://journals.sagepub.com/doi/suppl/10.1080_13501763.2016.1170872
10.1080_13501763.2016.1191525,1,https://www.doi.org/10.1080_13501763.2016.1191525
10.1080_13501763.2016.1215341,1,https://journals.sagepub.com/doi/suppl/10.1080_13501763.2016.1215341
10.1080_13501763.2016.1225785,1,https://journals.sagepub.com/doi/suppl/10.1080_13501763.2016.1225785
10.1080_13501763.2016.1228693,1,https://www.doi.org/10.1080_13501763.2016.1228693
10.1080_13501763.2016.1265575,1,https://journals.sagepub.com/doi/suppl/10.1080_13501763.2016.1265575
10.1080_13501763.2016.1268193,1,https://www.doi.org/10.1080_13501763.2016.1268193
10.1080_13501763.2016.1268641,1,https://journals.sagepub.com/doi/suppl/10.1080_13501763.2016.1268641
10.1080_13501763.2016.1268642,1,https://www.doi.org/10.1080_13501763.2016.1268642
10.1080_13501763.2016.1268643,1,https://journals.sagepub.com/doi/suppl/10.1080_13501763.2016.1268643
10.1080_13501763.2017.1294612,1,https://journals.sagepub.com/doi/suppl/10.1080_13501763.2017.1294612
10.1080_13501763.2017.1298656,1,https://www.doi.org/10.1080_13501763.2017.1298656
10.1080_13501763.2017.1298657,1,https://journals.sagepub.com/doi/suppl/10.1080_13501763.2017.1298657
10.1080_13501763.2017.1300182,1,https://www.doi.org/10.1080_13501763.2017.1300182
10.1080_13501763.2017.1301985,1,https://journals.sagepub.com/doi/suppl/10.1080_13501763.2017.1301985
10.1080_13501763.2017.1307438,1,https://www.doi.org/10.1080_13501763.2017.1307438
10.1080_13501763.2017.1310275,1,https://journals.sagepub.com/doi/suppl/10.1080_13501763.2017.1310275
10.1080_13501763.2017.1310276,1,https://www.doi.org/10.1080_13501763.2017.1310276
10.1080_13501763.2017.1310280,1,https://journals.sagepub.com/doi/suppl/10.1080_13501763.2017.1310280
10.1080_13501763.2017.1336565,1,https://www.doi.org/10.1080_13501763.2017.1336565
10.1080_13501763.2017.1339730,1,https://journals.sagepub.com/doi/suppl/10.1080_13501763.2017.1339730
10.1080_13501763.2017.1361465,1,https://journals.sagepub.com/doi/suppl/10.1080_13501763.2017.1361465
10.1080_13501763.2017.1363806,1,https://www.doi.org/10.1080_13501763.2017.1363806
10.1080_13501763.2017.1370005,1,https://www.doi.org/10.1080_13501763.2017.1370005
10.1080_13501763.2017.1375545,1,https://www.doi.org/10.1080_13501763.2017.1375545
10.1080_13501763.2017.1375546,1,https://www.doi.org/10.1080_13501763.2017.1375546
10.1080_13501763.2017.1376701,1,https://www.doi.org/10.1080_13501763.2017.1376701
10.1080_13501763.2017.1393837,1,https://www.doi.org/10.1080_13501763.2017.1393837
10.1080_13501763.2017.1401107,1,https://www.doi.org/10.1080_13501763.2017.1401107
10.1080_13501763.2018.1447009,1,https://www.doi.org/10.1080_13501763.2018.1447009
10.1080_13501763.2018.1453528,1,https://journals.sagepub.com/doi/suppl/10.1080_13501763.2018.1453528
10.1080_13501763.2018.1454493,1,https://journals.sagepub.com/doi/suppl/10.1080_13501763.2018.1454493
10.1080_13501763.2018.1458890,1,https://journals.sagepub.com/doi/suppl/10.1080_13501763.2018.1458890
10.1080_13501763.2018.1478444,1,https://www.doi.org/10.1080_13501763.2018.1478444
10.1080_13501763.2018.1488886,1,https://journals.sagepub.com/doi/suppl/10.1080_13501763.2018.1488886
10.1080_13501763.2018.1489418,1,https://www.doi.org/10.1080_13501763.2018.1489418
10.1080_13501763.2018.1489878,1,https://journals.sagepub.com/doi/suppl/10.1080_13501763.2018.1489878
10.1080_13501763.2018.1492006,1,https://www.doi.org/10.1080_13501763.2018.1492006
10.1080_13501763.2018.1497075,1,https://www.doi.org/10.1080_13501763.2018.1497075
10.1080_13501763.2018.1523219,1,https://journals.sagepub.com/doi/suppl/10.1080_13501763.2018.1523219
10.1080_13501763.2018.1531912,1,https://www.doi.org/10.1080_13501763.2018.1531912
10.1080_13501763.2018.1535611,1,https://journals.sagepub.com/doi/suppl/10.1080_13501763.2018.1535611
10.1080_13501763.2018.1539115,1,https://www.doi.org/10.1080_13501763.2018.1539115
10.1080_13501763.2018.1544268,1,https://journals.sagepub.com/doi/suppl/10.1080_13501763.2018.1544268
10.1080_13501763.2018.1545795,1,https://journals.sagepub.com/doi/suppl/10.1080_13501763.2018.1545795
10.1080_13501763.2018.1545796,1,https://www.doi.org/10.1080_13501763.2018.1545796
10.1080_13501763.2018.1551415,1,https://journals.sagepub.com/doi/suppl/10.1080_13501763.2018.1551415
10.1080_13501763.2018.1551922,1,https://www.doi.org/10.1080_13501763.2018.1551922
10.1080_13501763.2018.1561743,1,https://www.doi.org/10.1080_13501763.2018.1561743
10.1080_13501763.2019.1578816,1,https://journals.sagepub.com/doi/suppl/10.1080_13501763.2019.1578816
10.1080_13501763.2019.1599041,1,https://www.doi.org/10.1080_13501763.2019.1599041
10.1080_13501763.2019.1599042,1,https://journals.sagepub.com/doi/suppl/10.1080_13501763.2019.1599042
10.1080_13501763.2019.1622587,1,https://www.doi.org/10.1080_13501763.2019.1622587
10.1080_13501763.2019.1630470,1,https://journals.sagepub.com/doi/suppl/10.1080_13501763.2019.1630470
10.1080_13501763.2019.1646790,1,https://www.doi.org/10.1080_13501763.2019.1646790
10.1080_13501763.2019.1696388,1,https://journals.sagepub.com/doi/suppl/10.1080_13501763.2019.1696388
10.1080_13501763.2019.1699593,1,https://journals.sagepub.com/doi/suppl/10.1080_13501763.2019.1699593
10.1080_13501763.2019.1701530,1,https://www.doi.org/10.1080_13501763.2019.1701530
10.1080_13501763.2020.1729227,1,https://www.doi.org/10.1080_13501763.2020.1729227
10.1080_13501763.2020.1737183,1,https://www.doi.org/10.1080_13501763.2020.1737183
10.1080_13501763.2020.1744688,1,https://journals.sagepub.com/doi/suppl/10.1080_13501763.2020.1744688
10.1080_13501763.2020.1748095,1,https://www.doi.org/10.1080_13501763.2020.1748095
10.1080_13501763.2020.1748096,1,https://journals.sagepub.com/doi/suppl/10.1080_13501763.2020.1748096
10.1080_13501763.2021.1882541,1,https://journals.sagepub.com/doi/suppl/10.1080_13501763.2021.1882541
10.1080_13501763.2021.1918220,1,https://journals.sagepub.com/doi/suppl/10.1080_13501763.2021.1918220
10.1177_1354068815603624,1,https://journals.sagepub.com/doi/suppl/10.1177_1354068815603624
10.1177_1354068815610968,1,https://journals.sagepub.com/doi/suppl/10.1177_1354068815610968
10.1177_1354068817740745,1,https://journals.sagepub.com/doi/suppl/10.1177_1354068817740745
