file_in,url
10.1002_polq.13130,10.7910/DVN/B2QJ58
10.1007_s10290-020-00377-z,10.7910/DVN/SJ5HP1
10.1007_s10784-017-9371-z,10.7910/DVN/RIBJXF
10.1007_s11109-015-9322-8,10.7910/DVN/12SK8B
10.1007_s11109-015-9323-7,10.7910/DVN/B9OYRP
10.1007_s11109-016-9336-x,10.7910/DVN/U1GGGQ
10.1007_s11109-016-9340-1,10.7910/DVN/PEXMHA
10.1007_s11109-016-9350-z,10.7910/DVN/XFHBPO
10.1007_s11109-016-9351-y,10.7910/DVN/EXVUEA
10.1007_s11109-016-9353-9,10.7910/DVN/GUQYJT
10.1007_s11109-016-9356-6,10.7910/DVN/UYUZYA
10.1007_s11109-016-9358-4,10.7910/DVN/NW4LIO
10.1007_s11109-016-9360-x,10.7910/DVN/EDEJND
10.1007_s11109-016-9375-3,10.7910/DVN/TYD3EC
10.1007_s11109-016-9384-2,10.7910/DVN/KJOH74
10.1007_s11109-017-9401-0,10.7910/DVN/DY1282
10.1007_s11109-017-9403-y,10.7910/DVN/9DAQH4
10.1007_s11109-017-9405-9,10.7910/DVN/2ZEVWT
10.1007_s11109-017-9408-6,10.7910/DVN/YQNLWF
10.1007_s11109-017-9409-5,10.7910/DVN/XZJP2J
10.1007_s11109-017-9411-y,10.7910/DVN/NPQ3FB
10.1007_s11109-017-9413-9,10.7910/DVN/B3YH3T
10.1007_s11109-017-9417-5,10.7910/DVN/LK5ARP
10.1007_s11109-017-9419-3,10.7910/DVN/GUAY8P
10.1007_s11109-017-9423-7,10.7910/DVN/OBGAHG
10.1007_s11109-017-9429-1,10.7910/DVN/U4ET4D
10.1007_s11109-017-9430-8,10.7910/DVN/KGUTGA
10.1007_s11109-017-9432-6,10.7910/DVN/WP7ETR
10.1007_s11109-017-9434-4,10.7910/DVN/7EGFAM
10.1007_s11109-017-9440-6,10.7910/DVN/SUS2KV
10.1007_s11109-017-9441-5,10.7910/DVN/SHADUV
10.1007_s11109-018-09523-8,10.7910/DVN/COZN1F
10.1007_s11109-018-9444-x,10.7910/DVN/OUAYYH
10.1007_s11109-018-9448-6,10.7910/DVN/59F366
10.1007_s11109-018-9450-z,10.7910/DVN/HMYNRV
10.1007_s11109-018-9453-9,10.7910/DVN/E4I6ZV
10.1007_s11109-018-9465-5,10.7910/DVN/UX39M4
10.1007_s11109-018-9466-4,10.7910/DVN/2S5CKF
10.1007_s11109-018-9470-8,10.7910/DVN/URJM7O
10.1007_s11109-018-9471-7,10.7910/DVN/IJEWYV
10.1007_s11109-018-9472-6,10.7910/DVN/TKORD8
10.1007_s11109-018-9474-4,10.7910/DVN/Z0F7KO
10.1007_s11109-018-9481-5,10.7910/DVN/LAYMOS
10.1007_s11109-018-9484-2,10.7910/DVN/SVGV76
10.1007_s11109-018-9489-x,10.7910/DVN/M0NGKW
10.1007_s11109-018-9490-4,10.7910/DVN/27496
10.1007_s11109-018-9495-z,10.7910/DVN/CFEIEQ
10.1007_s11109-018-9497-x,10.7910/DVN/DE0OVP
10.1007_s11109-018-9504-2,10.7910/DVN/VQVQKH
10.1007_s11109-018-9511-3,10.7910/DVN/SVXPSO
10.1007_s11109-019-09532-1,10.7910/DVN/VJCL6D
10.1007_s11109-019-09541-0,10.7910/DVN/8WCOCN
10.1007_s11109-019-09557-6,10.7910/DVN/J33F9O48
10.1007_s11109-020-09624-3,10.7910/DVN/BX8ZMS
10.1007_s11127-019-00756-7,10.7910/DVN/42MVDX
10.1007_s11558-020-09396-9,10.7910/DVN/4JQRCL
10.1007_s12116-018-9266-1,10.7910/DVN/IJKAUR
10.1016_j.ejpoleco.2017.12.002,10.7910/DVN/KYEQ7X
10.1016_j.ejpoleco.2020.101901,10.7910/DVN/LM4OWF
10.1016_j.ejpoleco.2020.101991,10.7910/DVN/3WZFK9
10.1016_j.electstud.2016.03.001,10.7910/DVN/25XOBR
10.1016_j.electstud.2016.09.004,10.7910/DVN/HCJ6OM
10.1016_j.electstud.2017.08.001,10.7910/DVN/6FKIHU
10.1016_j.electstud.2018.04.013,10.7910/DVN/LYAOHZ
10.1016_j.electstud.2018.06.006,10.7910/DVN/FYH5WG
10.1016_j.electstud.2018.09.006,10.7910/DVN/FV8QQ9
10.1016_j.electstud.2019.02.011,10.7910/DVN/RR0NNQ
10.1016_j.electstud.2020.102132,10.7910/DVN/CE3N4W
10.1016_j.electstud.2020.102170,10.7910/DVN/QPUONU
10.1016_j.electstud.2020.102206,10.7910/DVN/HL9GPT
10.1016_j.electstud.2021.102279,10.7910/DVN/7UYQEX
10.1016_j.electstud.2021.102291,10.7910/DVN/UGNKC9
10.1016_j.electstud.2021.102342,10.7910/DVN/OBI10H
10.1016_j.polgeo.2021.102393,10.7910/DVN/YSTBKU
10.1016_j.spacepol.2018.08.001,10.7910/DVN/1WJLY8
10.1017_gov.2015.31,10.7910/DVN/9UVAKE
10.1017_gov.2017.37,10.7910/DVN/28468U
10.1017_pan.2016.10,10.7910/DVN/RPZLMY
10.1017_pan.2016.13,10.7910/DVN/92GMLB
10.1017_pan.2016.14,10.7910/DVN/RNMB1Q
10.1017_pan.2016.15,10.7910/DVN/LUGBL1
10.1017_pan.2016.16,10.7910/DVN/TVNVN3
10.1017_pan.2016.2,10.7910/DVN/8AKACJ
10.1017_pan.2016.6,10.7910/DVN/AQB4MP
10.1017_pan.2016.7,10.7910/DVN/LVHLZK
10.1017_pan.2017.1,10.7910/DVN/567RS6
10.1017_pan.2017.11,10.7910/DVN/CYXFB8
10.1017_pan.2017.17,10.7910/DVN/RJF61A
10.1017_pan.2017.2,10.7910/DVN/NO90AJ
10.1017_pan.2017.22,10.7910/DVN/Q0IXQY
10.1017_pan.2017.23,10.7910/DVN/K3D1M2
10.1017_pan.2017.29,10.7910/DVN/DXDQV3
10.1017_pan.2017.3,10.7910/DVN/UFSQ1J
10.1017_pan.2017.30,10.7910/DVN/UNHYMP
10.1017_pan.2017.31,10.7910/DVN/ELHTWJ
10.1017_pan.2017.35,10.7910/DVN/4J48AX
10.1017_pan.2017.36,10.7910/DVN/DFEH8S
10.1017_pan.2017.37,10.7910/DVN/R9GKJA
10.1017_pan.2017.38,10.7910/DVN/WIRN6R
10.1017_pan.2017.39,10.7910/DVN/YTPJ1N
10.1017_pan.2017.4,10.7910/DVN/HRLHA4
10.1017_pan.2017.42,10.7910/DVN/SKGWTS
10.1017_pan.2017.43,10.7910/DVN/S9G9XS
10.1017_pan.2017.45,10.7910/DVN/WM3X3D
10.1017_pan.2017.5,10.7910/DVN/JDPNNU
10.1017_pan.2017.5,10.7910/DVN/THDBRA
10.1017_pan.2017.5,10.7910/DVN/GTSXC1
10.1017_pan.2017.6,10.7910/DVN/KKWB4A
10.1017_pan.2017.7,10.7910/DVN/AKHHHF
10.1017_pan.2018.1,10.7910/DVN/52UGJT
10.1017_pan.2018.10,10.7910/DVN/W4TXDU
10.1017_pan.2018.12,10.7910/DVN/R7AQT1
10.1017_pan.2018.13,10.7910/DVN/9YCVJC
10.1017_pan.2018.17,10.7910/DVN/RAUIHG
10.1017_pan.2018.18,10.7910/DVN/NDTR8K
10.1017_pan.2018.19,10.7910/DVN/KHE44F
10.1017_pan.2018.2,10.7910/DVN/KUMMUJ
10.1017_pan.2018.20,10.7910/DVN/TWHEZ9
10.1017_pan.2018.21,10.7910/DVN/TGFAOH
10.1017_pan.2018.24,10.7910/DVN/PCYBPY
10.1017_pan.2018.26,10.7910/DVN/VKMY6N
10.1017_pan.2018.28,10.7910/DVN/KGP01E
10.1017_pan.2018.29,10.7910/DVN/AOY452
10.1017_pan.2018.30,10.7910/DVN/0ZCBTB
10.1017_pan.2018.31,10.7910/DVN/LD0ITE
10.1017_pan.2018.32,10.7910/DVN/A47LUM
10.1017_pan.2018.33,10.7910/DVN/CYYLOK
10.1017_pan.2018.35,10.7910/DVN/ICTG9Z
10.1017_pan.2018.36,10.7910/DVN/NQVP7K
10.1017_pan.2018.39,10.7910/DVN/Y9KMJW
10.1017_pan.2018.41,10.7910/DVN/VFDCJV
10.1017_pan.2018.43,10.7910/DVN/KRKWK8
10.1017_pan.2018.46,10.7910/DVN/Q1V0OG
10.1017_pan.2018.47,10.7910/DVN/JFU71R
10.1017_pan.2018.48,10.7910/DVN/3IWTGB
10.1017_pan.2018.49,10.7910/DVN/MLYNX0
10.1017_pan.2018.50,10.7910/DVN/H31DZG
10.1017_pan.2018.53,10.7910/DVN/BPU1XG
10.1017_pan.2018.54,10.7910/DVN/J7HFRX
10.1017_pan.2018.54,10.7910/DVN/ADJWFS
10.1017_pan.2018.55,10.7910/DVN/KT20FE
10.1017_pan.2018.56,10.7910/DVN/L3GWNP
10.1017_pan.2018.57,10.7910/DVN/TUUYLQ
10.1017_pan.2018.57,10.7910/DVN/PZKBUX
10.1017_pan.2018.58,10.7910/DVN/ILTOGF
10.1017_pan.2018.59,10.7910/DVN/JJCXTH
10.1017_pan.2018.63,10.7910/DVN/HCSQBD
10.1017_pan.2018.7,10.7910/DVN/AGUVBE
10.1017_pan.2018.8,10.7910/DVN/OZ6VYD
10.1017_pan.2018.9,10.7910/DVN/KVZXE8
10.1017_pan.2019.1,10.7910/DVN/SSLCFF
10.1017_pan.2019.10,10.7910/DVN/GM5SYQ
10.1017_pan.2019.11,10.7910/DVN/A9LZNV
10.1017_pan.2019.12,10.7910/DVN/NAJIKB
10.1017_pan.2019.13,10.7910/DVN/WB9XLZ
10.1017_pan.2019.14,10.7910/DVN/DKY4DY
10.1017_pan.2019.18,10.7910/DVN/TBW4Y4
10.1017_pan.2019.19,10.7910/DVN/W7KZVL
10.1017_pan.2019.19,10.7910/DVN/8TB7GO
10.1017_pan.2019.2,10.7910/DVN/HHOIA4
10.1017_pan.2019.20,10.7910/DVN/SVAONZ
10.1017_pan.2019.23,10.7910/DVN/CGNX3M
10.1017_pan.2019.24,10.7910/DVN/HG2CAJ
10.1017_pan.2019.25,10.7910/DVN/2F8CWX
10.1017_pan.2019.26,10.7910/DVN/K0OYQF
10.1017_pan.2019.28,10.7910/DVN/FYRQQE
10.1017_pan.2019.29,10.7910/DVN/1WZCEA
10.1017_pan.2019.3,10.7910/DVN/4RCPSE
10.1017_pan.2019.30,10.7910/DVN/ARHZU4
10.1017_pan.2019.31,10.7910/DVN/JLAOEN
10.1017_pan.2019.32,10.7910/DVN/LSEEKB
10.1017_pan.2019.33,10.7910/DVN/8DWAZW
10.1017_pan.2019.34,10.7910/DVN/F0GMX1
10.1017_pan.2019.35,10.7910/DVN/W9DGRR
10.1017_pan.2019.38,10.7910/DVN/IABJEB
10.1017_pan.2019.4,10.7910/DVN/YPMVMH
10.1017_pan.2019.42,10.7910/DVN/HXAKGJ
10.1017_pan.2019.43,10.7910/DVN/PRDURU
10.1017_pan.2019.44,10.7910/DVN/Y18MK5
10.1017_pan.2019.45,10.7910/DVN/YN4TLR
10.1017_pan.2019.45,10.7910/DVN/BKWGVO
10.1017_pan.2019.45,10.7910/DVN/USCMPG
10.1017_pan.2019.45,10.7910/DVN/NIPYJ8
10.1017_pan.2019.46,10.7910/DVN/MRVKIR
10.1017_pan.2019.47,10.7910/DVN/MCXXBS
10.1017_pan.2019.48,10.7910/DVN/TRLTPY
10.1017_pan.2019.49,10.7910/DVN/VJ9QDB
10.1017_pan.2019.5,10.7910/DVN/GXXYMH
10.1017_pan.2019.6,10.7910/DVN/ILZHUR
10.1017_pan.2019.7,10.7910/DVN/DFRSKZ
10.1017_pan.2019.8,10.7910/DVN/CU0V56
10.1017_pan.2019.9,10.7910/DVN/PNPR8C
10.1017_pan.2020.1,10.7910/DVN/K8IL3V
10.1017_pan.2020.11,10.7910/DVN/TISLDL
10.1017_pan.2020.14,10.7910/DVN/TOZUDO
10.1017_pan.2020.15,10.7910/DVN/E6NN9E
10.1017_pan.2020.2,10.7910/DVN/VZFXYW
10.1017_pan.2020.20,10.7910/DVN/SV9B3E
10.1017_pan.2020.21,10.7910/DVN/STH14F
10.1017_pan.2020.22,10.7910/DVN/OP6EVF
10.1017_pan.2020.24,10.7910/DVN/FOUVEL
10.1017_pan.2020.25,10.7910/DVN/YQPEVQ
10.1017_pan.2020.26,10.7910/DVN/ADIFOV
10.1017_pan.2020.28,10.7910/DVN/G63OG9
10.1017_pan.2020.29,10.7910/DVN/CSAJQY
10.1017_pan.2020.3,10.7910/DVN/H9X2AB
10.1017_pan.2020.30,10.7910/DVN/YMQFYB
10.1017_pan.2020.31,10.7910/DVN/XIEJCR
10.1017_pan.2020.34,10.7910/DVN/BJMZNR
10.1017_pan.2020.35,10.7910/DVN/KMRVWY
10.1017_pan.2020.35,10.7910/DVN/MVP6ID
10.1017_pan.2020.4,10.7910/DVN/T88EAX
10.1017_pan.2020.47,10.7910/DVN/EACMTV
10.1017_pan.2020.8,10.7910/DVN/MXKRDE
10.1017_pan.2020.9,10.7910/DVN/FQTA4A
10.1017_psrm.2016.18,10.7910/DVN/GK9VCH
10.1017_psrm.2017.24,10.7910/DVN/AR8SLA
10.1017_psrm.2019.13,10.7910/DVN/WX5UXL
10.1017_psrm.2019.13,10.7910/DVN/SDFYTU
10.1017_psrm.2019.14,10.7910/DVN/ZTPW0Y
10.1017_psrm.2019.2,10.7910/DVN/PE8TWP
10.1017_psrm.2019.49,10.7910/DVN/X3586I
10.1017_psrm.2020.10,10.7910/DVN/G3YJXY
10.1017_psrm.2020.32,10.7910/DVN/KFVTMI
10.1017_s000305541600037x,10.7910/DVN/HAU0EX
10.1017_s0003055416000770,10.7910/DVN/C56WMI
10.1017_s0003055417000144,10.7910/DVN/QSZMPD
10.1017_s0003055417000193,10.7910/DVN/1QZ0JZ
10.1017_s0003055417000259,10.7910/DVN/MYSRXT
10.1017_s0003055417000272,10.7910/DVN/INVDWM
10.1017_s0003055417000272,10.7910/DVN/XX3YJ4
10.1017_s0003055417000284,10.7910/DVN/V7SQRW
10.1017_s0003055417000296,10.7910/DVN/8SR1GY
10.1017_s0003055417000302,10.7910/DVN/0ZRGEE
10.1017_s0003055417000314,10.7910/DVN/OJQJRM
10.1017_s0003055417000326,10.7910/DVN/KGOUYI
10.1017_s000305541700034x,10.7910/DVN/5UMCKK
10.1017_s0003055417000351,10.7910/DVN/ZUMTTN
10.1017_s0003055417000363,10.7910/DVN/SMXWA9
10.1017_s0003055417000375,10.7910/DVN/10HLY3
10.1017_s0003055417000399,10.7910/DVN/PENDX4
10.1017_s0003055417000430,10.7910/DVN/X0ZPH4
10.1017_s0003055417000478,10.7910/DVN/KBRXOR
10.1017_s0003055417000491,10.7910/DVN/VHNHHN
10.1017_s0003055417000533,10.7910/DVN/K3QWZW
10.1017_s0003055417000569,10.7910/DVN/E7OQEY
10.1017_s0003055417000570,10.7910/DVN/SJ8ER9
10.1017_s0003055417000594,10.7910/DVN/XEXISR
10.1017_s0003055417000624,10.7910/DVN/TPGPCR
10.1017_s0003055417000636,10.7910/DVN/UJYEAD
10.1017_s0003055417000648,10.7910/DVN/AI3VM8
10.1017_s0003055417000685,10.7910/DVN/AL1A4Q
10.1017_s0003055417000715,10.7910/DVN/KZIXI0
10.1017_s0003055418000011,10.7910/DVN/DQZXQB
10.1017_s0003055418000011,10.7910/DVN/XFXJVY
10.1017_s0003055418000023,10.7910/DVN/9ZYFBX
10.1017_s0003055418000023,10.7910/DVN/TOE8I1
10.1017_s0003055418000035,10.7910/DVN/CRPAA8
10.1017_s0003055418000047,10.7910/DVN/TTE3SQ
10.1017_s0003055418000059,10.7910/DVN/KWPEKK
10.1017_s0003055418000084,10.7910/DVN/Q8NRTS
10.1017_s0003055418000096,10.7910/DVN/GJIRV0
10.1017_s0003055418000102,10.7910/DVN/CTZNJV
10.1017_s0003055418000138,10.7910/DVN/ZDYXYI
10.1017_s000305541800014x,10.7910/DVN/SAPQYS
10.1017_s0003055418000151,10.7910/DVN/X8ZRVO
10.1017_s0003055418000175,10.7910/DVN/SJI4IA
10.1017_s0003055418000199,10.7910/DVN/AJHFHU
10.1017_s0003055418000217,10.7910/DVN/FVCGHC
10.1017_s0003055418000242,10.7910/DVN/JSR0OE
10.1017_s0003055418000254,10.7910/DVN/KGVBNC
10.1017_s0003055418000266,10.7910/DVN/DAR56O
10.1017_s000305541800028x,10.7910/DVN/RUQ2KP
10.1017_s0003055418000308,10.7910/DVN/AY32JZ
10.1017_s000305541800031x,10.7910/DVN/PSGCJH
10.1017_s0003055418000333,10.7910/DVN/PCM2O2
10.1017_s0003055418000357,10.7910/DVN/SFBX6Z
10.1017_s0003055418000382,10.7910/DVN/T1TELH
10.1017_s0003055418000412,10.7910/DVN/VTUSLV
10.1017_s0003055418000424,10.7910/DVN/3KOQWQ
10.1017_s0003055418000436,10.7910/DVN/HHMXU3
10.1017_s0003055418000448,10.7910/DVN/UAQZRO
10.1017_s000305541800045x,10.7910/DVN/TI5BPV
10.1017_s0003055418000461,10.7910/DVN/AOTVAU
10.1017_s0003055418000473,10.7910/DVN/KTCXTE
10.1017_s0003055418000485,10.7910/DVN/MO3KOQ
10.1017_s0003055418000497,10.7910/DVN/LFQZVU
10.1017_s0003055418000503,10.7910/DVN/SNW8PV
10.1017_s0003055418000515,10.7910/DVN/YUNDMQ
10.1017_s0003055418000588,10.7910/DVN/YDSRWF
10.1017_s000305541800059x,10.7910/DVN/OWQNVF
10.1017_s0003055418000618,10.7910/DVN/5QUCW7
10.1017_s000305541800062x,10.7910/DVN/UVANPR
10.1017_s0003055418000631,10.7910/DVN/EDRAIQ
10.1017_s0003055418000643,10.7910/DVN/1ZOEEX
10.1017_s0003055418000667,10.7910/DVN/VKOMCK
10.1017_s0003055418000667,10.7910/DVN/INZ3QK
10.1017_s0003055418000679,10.7910/DVN/ARIQT2
10.1017_s0003055418000692,10.7910/DVN/6A2J2T
10.1017_s0003055418000709,10.7910/DVN/CFTMK2
10.1017_s0003055418000710,10.7910/DVN/SQH6IF
10.1017_s0003055418000722,10.7910/DVN/03CDTK
10.1017_s000305541800076x,10.7910/DVN/OOMI57
10.1017_s0003055418000783,10.7910/DVN/YGUHTD
10.1017_s0003055418000795,10.7910/DVN/38BFML
10.1017_s0003055418000801,10.7910/DVN/SEOCQ0
10.1017_s0003055418000813,10.7910/DVN/XGVQDT
10.1017_s0003055418000813,10.7910/DVN/FFEUEH
10.1017_s0003055418000825,10.7910/DVN/D64FNB
10.1017_s0003055418000837,10.7910/DVN/HUKSID
10.1017_s0003055418000849,10.7910/DVN/IANHOG
10.1017_s0003055418000850,10.7910/DVN/XF1157
10.1017_s0003055418000862,10.7910/DVN/5CYWWF
10.1017_s0003055418000886,10.7910/DVN/QTOIQF
10.1017_s0003055418000928,10.7910/DVN/QVY8JO
10.1017_s000305541800093x,10.7910/DVN/TWVXKZ
10.1017_s0003055418000965,10.7910/DVN/G3X4EW
10.1017_s0003055419000017,10.7910/DVN/DHZBAB
10.1017_s0003055419000029,10.7910/DVN/EKZQSZ
10.1017_s0003055419000030,10.7910/DVN/B1HHGV
10.1017_s0003055419000042,10.7910/DVN/AW6L1P
10.1017_s0003055419000066,10.7910/DVN/XKMNAO
10.1017_s0003055419000078,10.7910/DVN/ZJTLSW
10.1017_s000305541900008x,10.7910/DVN/NOWHWG
10.1017_s0003055419000091,10.7910/DVN/8IWRBI
10.1017_s0003055419000108,10.7910/DVN/D7ZXZI
10.1017_s0003055419000121,10.7910/DVN/ZIXH95
10.1017_s0003055419000133,10.7910/DVN/VNHM17
10.1017_s0003055419000145,10.7910/DVN/H1CCWM
10.1017_s0003055419000157,10.7910/DVN/H9XGEB
10.1017_s0003055419000170,10.7910/DVN/RRBPUD
10.1017_s0003055419000182,10.7910/DVN/NFZLI3
10.1017_s0003055419000194,10.7910/DVN/XYT1VB
10.1017_s0003055419000200,10.7910/DVN/F9RCKB
10.1017_s000305541900025x,10.7910/DVN/EB8DD8
10.1017_s0003055419000285,10.7910/DVN/NNNPOU
10.1017_s0003055419000315,10.7910/DVN/MCWFCS
10.1017_s0003055419000327,10.7910/DVN/UHUK4P
10.1017_s0003055419000340,10.7910/DVN/9B8HQN
10.1017_s0003055419000352,10.7910/DVN/AA96D2
10.1017_s0003055419000418,10.7910/DVN/MM2VWC
10.1017_s000305541900042x,10.7910/DVN/WVBZNE
10.1017_s0003055419000443,10.7910/DVN/OLTXFC
10.1017_s0003055419000467,10.7910/DVN/M4ARI7
10.1017_s0003055419000479,10.7910/DVN/W8HUKY
10.1017_s0003055419000480,10.7910/DVN/LMW871
10.1017_s0003055419000492,10.7910/DVN/Z7P7RL
10.1017_s0003055419000510,10.7910/DVN/IN6SFG
10.1017_s0003055419000522,10.7910/DVN/FF3DQM
10.1017_s0003055419000534,10.7910/DVN/RJL2DK
10.1017_s0003055419000558,10.7910/DVN/FECIO3
10.1017_s000305541900056x,10.7910/DVN/FTYHPJ
10.1017_s000305541900056x,10.7910/DVN/DRSACA
10.1017_s0003055419000613,10.7910/DVN/CFASH6
10.1017_s0003055419000637,10.7910/DVN/PUIJIU
10.1017_s0003055419000649,10.7910/DVN/VGWNP9
10.1017_s0003055419000650,10.7910/DVN/9AMKHL
10.1017_s0003055419000698,10.7910/DVN/AQHPTT
10.1017_s0003055419000704,10.7910/DVN/HDGUDZ
10.1017_s0003055419000716,10.7910/DVN/OARGFC
10.1017_s0003055419000741,10.7910/DVN/9OK6RH
10.1017_s0003055419000789,10.7910/DVN/B9U5BH
10.1017_s0003055419000807,10.7910/DVN/KPS1KY
10.1017_s0003055419000819,10.7910/DVN/VWBTL5
10.1017_s0003055419000820,10.7910/DVN/E5KOKE
10.1017_s0003055419000832,10.7910/DVN/J0GBTX
10.1017_s0003055419000844,10.7910/DVN/5MAQC2
10.1017_s0003055419000856,10.7910/DVN/7PZHF6
10.1017_s0003055419000868,10.7910/DVN/VCE7KN
10.1017_s0003055419000868,10.7910/DVN/LEJUQZ
10.1017_s000305541900087x,10.7910/DVN/QM15HX
10.1017_s0003055419000881,10.7910/DVN/UN3KML
10.1017_s0003055419000893,10.7910/DVN/GL2WN8
10.1017_s000305541900090x,10.7910/DVN/DYCUSZ
10.1017_s0003055419000923,10.7910/DVN/8BFYQO
10.1017_s0003055420000027,10.7910/DVN/YDBMNI
10.1017_s0003055420000039,10.7910/DVN/KFQOCV
10.1017_s0003055420000052,10.7910/DVN/EEARKA
10.1017_s0003055420000064,10.7910/DVN/E3BAO5
10.1017_s0003055420000076,10.7910/DVN/L3NT6P
10.1017_s000305542000009x,10.7910/DVN/HVRCKM
10.1017_s0003055420000106,10.7910/DVN/KSSFDI
10.1017_s0003055420000118,10.7910/DVN/MYF97D
10.1017_s0003055420000118,10.7910/DVN/LIHUAA
10.1017_s000305542000012x,10.7910/DVN/HD7UUU
10.1017_s0003055420000131,10.7910/DVN/MCEFXL
10.1017_s0003055420000143,10.7910/DVN/5QBS9A
10.1017_s0003055420000155,10.7910/DVN/HULLNG
10.1017_s0003055420000180,10.7910/DVN/PYRVKV
10.1017_s0003055420000192,10.7910/DVN/XI7ENB
10.1017_s0003055420000222,10.7910/DVN/TI7ORN
10.1017_s0003055420000234,10.7910/DVN/WTYLTK
10.1017_s0003055420000258,10.7910/DVN/CCGPUQ
10.1017_s000305542000026x,10.7910/DVN/QQ2FV9
10.1017_s0003055420000283,10.7910/DVN/KQJKY0
10.1017_s0003055420000295,10.7910/DVN/TRLSJA
10.1017_s0003055420000313,10.7910/DVN/7WFX1K
10.1017_s0003055420000325,10.7910/DVN/EPDD6F
10.1017_s0003055420000337,10.7910/DVN/2CITBJ
10.1017_s0003055420000349,10.7910/DVN/5LAZ54
10.1017_s0003055420000350,10.7910/DVN/6AAGM9
10.1017_s0003055420000374,10.7910/DVN/YUXHZT
10.1017_s0003055420000386,10.7910/DVN/8ZT2ID
10.1017_s0003055420000398,10.7910/DVN/4M0HEN
10.1017_s0003055420000404,10.7910/DVN/FCZDKD
10.1017_s0003055420000416,10.7910/DVN/VWFKDG
10.1017_s0003055420000441,10.7910/DVN/OVEGLS
10.1017_s0003055420000465,10.7910/DVN/RSSRRV
10.1017_s0003055420000477,10.7910/DVN/N1JX6Y
10.1017_s0003055420000490,10.7910/DVN/YTRCQE
10.1017_s0003055420000519,10.7910/DVN/LCWR7G
10.1017_s0003055420000520,10.7910/DVN/JORLQM
10.1017_s0003055420000532,10.7910/DVN/BOWEJG
10.1017_s0003055420000532,10.7910/DVN/DPESAK
10.1017_s0003055420000544,10.7910/DVN/IUZDQI
10.1017_s0003055420000556,10.7910/DVN/RDIJQC
10.1017_s0003055420000568,10.7910/DVN/QIWQWL
10.1017_s0003055420000623,10.7910/DVN/57QESD
10.1017_s0003055420000635,10.7910/DVN/YF761K
10.1017_s0003055420000647,10.7910/DVN/X2VJJX
10.1017_s0003055420000672,10.7910/DVN/NOMC0H
10.1017_s0003055420000684,10.7910/DVN/VRH8ND
10.1017_s0003055420000696,10.7910/DVN/IR9XGC
10.1017_s0003055420000738,10.7910/DVN/NRRVJ3
10.1017_s0003055420000763,10.7910/DVN/MOL5B3
10.1017_s0003055420000787,10.7910/DVN/2XO7HR
10.1017_s0003055420000799,10.7910/DVN/UM0ZOF
10.1017_s0003055420000805,10.7910/DVN/19FLXV
10.1017_s0003055420000817,10.7910/DVN/PAMABU
10.1017_s0003055420000829,10.7910/DVN/HDDPTB
10.1017_s0003055420000830,10.7910/DVN/ZABHCA
10.1017_s0003055420000842,10.7910/DVN/NNFDNB
10.1017_s0003055420000854,10.7910/DVN/XS4P50
10.1017_s0003055420000866,10.7910/DVN/SWSY7T
10.1017_s0003055420000908,10.7910/DVN/MNRIEP
10.1017_s000305542000091x,10.7910/DVN/1XXDMW
10.1017_s0003055420000933,10.7910/DVN/BC2HEO
10.1017_s0003055420000945,10.7910/DVN/383K6K
10.1017_s0003055420000957,10.7910/DVN/BGCVOW
10.1017_s0003055420000970,10.7910/DVN/S1EUAF
10.1017_s0003055420001008,10.7910/DVN/AP0DHP
10.1017_s000305542000101x,10.7910/DVN/8BTOHQ
10.1017_s0003055420001057,10.7910/DVN/5UEEU2
10.1017_s0003055420001069,10.7910/DVN/FLV8GQ
10.1017_s0003055420001070,10.7910/DVN/GKVNDS
10.1017_s0003055420001082,10.7910/DVN/IROJ12
10.1017_s0003055420001094,10.7910/DVN/P6N636
10.1017_s0003055420001124,10.7910/DVN/CCV1NN
10.1017_s0003055420001136,10.7910/DVN/QYU1UO
10.1017_s0003055420001136,10.7910/DVN/JH5UU8
10.1017_s0003055420001148,10.7910/DVN/C139OP
10.1017_s000305542000115x,10.7910/DVN/GYEGW4
10.1017_s0003055421000010,10.7910/DVN/XMKPSQ
10.1017_s0003055421000034,10.7910/DVN/9CEQKX
10.1017_s0003055421000058,10.7910/DVN/EAPKQX
10.1017_s000305542100006x,10.7910/DVN/DZWOCK
10.1017_s0007123416000752,10.7910/DVN/WMRQ16
10.1017_s000712341600079x,10.7910/DVN/KWM3CY
10.1017_s0007123417000011,10.7910/DVN/ZYCCZM
10.1017_s0007123417000035,10.7910/DVN/R3DJI6
10.1017_s0007123417000096,10.7910/DVN/HG0YSS
10.1017_s0007123417000102,10.7910/DVN/J0G6K3
10.1017_s0007123417000114,10.7910/DVN/K1TVXL
10.1017_s0007123417000138,10.7910/DVN/XQKBY6
10.1017_s000712341700014x,10.7910/DVN/XT08HW
10.1017_s0007123417000151,10.7910/DVN/ZTJWUF
10.1017_s0007123417000163,10.7910/DVN/MG11FA
10.1017_s0007123417000187,10.7910/DVN/ORDLXK
10.1017_s0007123417000199,10.7910/DVN/JXSIV0
10.1017_s0007123417000205,10.7910/DVN/BFCD08
10.1017_s0007123417000217,10.7910/DVN/Y3QFBP
10.1017_s0007123417000242,10.7910/DVN/IEX6BE
10.1017_s0007123417000254,10.7910/DVN/SC5UIN
10.1017_s000712341700028x,10.7910/DVN/S3BX7A
10.1017_s0007123417000308,10.7910/DVN/85X0HW
10.1017_s000712341700031x,10.7910/DVN/R5MEKK
10.1017_s0007123417000321,10.7910/DVN/C1XYRJ
10.1017_s0007123417000333,10.7910/DVN/LL6UTV
10.1017_s0007123417000345,10.7910/DVN/OTEWG2
10.1017_s0007123417000357,10.7910/DVN/1AI3TL
10.1017_s0007123417000369,10.7910/DVN/SRC9HN
10.1017_s0007123417000370,10.7910/DVN/D5CQA7
10.1017_s0007123417000382,10.7910/DVN/FDY0ZN
10.1017_s0007123417000394,10.7910/DVN/PTMJF0
10.1017_s0007123417000400,10.7910/DVN/RB48KU
10.1017_s0007123417000412,10.7910/DVN/PSWLYR
10.1017_s0007123417000436,10.7910/DVN/GLL3UW
10.1017_s0007123417000448,10.7910/DVN/EUAIFA
10.1017_s000712341700045x,10.7910/DVN/ELT9VD
10.1017_s0007123417000497,10.7910/DVN/WAQNXD
10.1017_s0007123417000503,10.7910/DVN/TKTN5J
10.1017_s0007123417000515,10.7910/DVN/0H226U
10.1017_s0007123417000539,10.7910/DVN/2XSNPC
10.1017_s0007123417000540,10.7910/DVN/XWTQYE
10.1017_s0007123417000552,10.7910/DVN/NN9KZT
10.1017_s0007123417000564,10.7910/DVN/SIREAP
10.1017_s0007123417000588,10.7910/DVN/THXYMC
10.1017_s0007123417000606,10.7910/DVN/RQ7P1F
10.1017_s0007123417000618,10.7910/DVN/VCTLTE
10.1017_s000712341700062x,10.7910/DVN/OQ64S8
10.1017_s0007123417000631,10.7910/DVN/7KPGDO
10.1017_s0007123417000643,10.7910/DVN/UMKD0K
10.1017_s0007123417000655,10.7910/DVN/X1TGCJ
10.1017_s0007123417000667,10.7910/DVN/PZB01G
10.1017_s0007123417000679,10.7910/DVN/EIZWXX
10.1017_s0007123417000680,10.7910/DVN/KGL6YO
10.1017_s0007123417000710,10.7910/DVN/XA4VBO
10.1017_s0007123417000746,10.7910/DVN/ZNDVPW
10.1017_s0007123417000758,10.7910/DVN/EDNX2Z
10.1017_s0007123417000783,10.7910/DVN/6WPVWI
10.1017_s0007123417000795,10.7910/DVN/HS4W33
10.1017_s0007123417000801,10.7910/DVN/NVPJK0
10.1017_s0007123417000813,10.7910/DVN/09JRXK
10.1017_s0007123417000837,10.7910/DVN/JVBAWN
10.1017_s0007123417000849,10.7910/DVN/KMMN1B
10.1017_s0007123418000017,10.7910/DVN/0OM2WP
10.1017_s0007123418000030,10.7910/DVN/UPMOHW
10.1017_s0007123418000042,10.7910/DVN/AVIA6Z
10.1017_s0007123418000054,10.7910/DVN/L2OZPI
10.1017_s0007123418000066,10.7910/DVN/RKVKY3
10.1017_s0007123418000078,10.7910/DVN/VVDOUK
10.1017_s0007123418000108,10.7910/DVN/SQETXX
10.1017_s0007123418000121,10.7910/DVN/LZMEIV
10.1017_s0007123418000133,10.7910/DVN/4S2NIW
10.1017_s0007123418000145,10.7910/DVN/JU8B9V
10.1017_s0007123418000157,10.7910/DVN/LIWMYQ
10.1017_s0007123418000169,10.7910/DVN/MGMBL3
10.1017_s0007123418000194,10.7910/DVN/S17DDJ
10.1017_s0007123418000200,10.7910/DVN/HSELCA
10.1017_s0007123418000212,10.7910/DVN/AUX9W1
10.1017_s0007123418000224,10.7910/DVN/F05CTI
10.1017_s0007123418000236,10.7910/DVN/OCNIWD
10.1017_s0007123418000248,10.7910/DVN/USKUR2
10.1017_s0007123418000273,10.7910/DVN/EM3AZ2
10.1017_s0007123418000285,10.7910/DVN/TIYCHO
10.1017_s0007123418000297,10.7910/DVN/IUG9LC
10.1017_s0007123418000315,10.7910/DVN/CHBAYB
10.1017_s0007123418000327,10.7910/DVN/J7WNTM
10.1017_s0007123418000339,10.7910/DVN/VJTN9Z
10.1017_s0007123418000340,10.7910/DVN/H6RZA7
10.1017_s0007123418000352,10.7910/DVN/YJQIXP
10.1017_s0007123418000364,10.7910/DVN/QCGKV5
10.1017_s0007123418000376,10.7910/DVN/4YXPHO
10.1017_s0007123418000406,10.7910/DVN/VBWHRO
10.1017_s0007123418000418,10.7910/DVN/KTGFRE
10.1017_s000712341800042x,10.7910/DVN/8FHRCQ
10.1017_s0007123418000455,10.7910/DVN/HPTPDQ
10.1017_s0007123418000479,10.7910/DVN/QS0CDY
10.1017_s0007123418000480,10.7910/DVN/QNKFDL
10.1017_s0007123418000492,10.7910/DVN/3RVUT0
10.1017_s0007123418000522,10.7910/DVN/A48JP7
10.1017_s0007123418000534,10.7910/DVN/OEM7DW
10.1017_s0007123418000571,10.7910/DVN/1B1MXY
10.1017_s0007123418000583,10.7910/DVN/HGACUS
10.1017_s0007123418000595,10.7910/DVN/VSVMY7
10.1017_s0007123418000601,10.7910/DVN/0BFF0K
10.1017_s0007123418000613,10.7910/DVN/YZSZFY
10.1017_s0007123418000625,10.7910/DVN/MX5NIV
10.1017_s0007123418000637,10.7910/DVN/VIXNNE
10.1017_s0007123418000650,10.7910/DVN/RIKYVD
10.1017_s0007123419000012,10.7910/DVN/E3NJN8
10.1017_s0007123419000061,10.7910/DVN/9JLCSY
10.1017_s0007123419000073,10.7910/DVN/MSIW8E
10.1017_s0007123419000085,10.7910/DVN/APVNPF
10.1017_s0007123419000097,10.7910/DVN/CMMQRK
10.1017_s0007123419000103,10.7910/DVN/TYJOMG
10.1017_s0007123419000115,10.7910/DVN/7H6XQO
10.1017_s0007123419000127,10.7910/DVN/DHWZYE
10.1017_s0007123419000152,10.7910/DVN/R2X0VR
10.1017_s000712341900019x,10.7910/DVN/UWMHET
10.1017_s0007123419000206,10.7910/DVN/QBPIVL
10.1017_s0007123419000218,10.7910/DVN/QICYLQ
10.1017_s000712341900022x,10.7910/DVN/GOGH2L
10.1017_s0007123419000243,10.7910/DVN/XDDN2Y
10.1017_s0007123419000267,10.7910/DVN/EHW8MI
10.1017_s0007123419000279,10.7910/DVN/HWJI6N
10.1017_s0007123419000280,10.7910/DVN/EB1T26
10.1017_s0007123419000292,10.7910/DVN/9HKISQ
10.1017_s0007123419000309,10.7910/DVN/L5PBPL
10.1017_s0007123419000322,10.7910/DVN/MPQGZP
10.1017_s0007123419000358,10.7910/DVN/QBBVOL
10.1017_s0007123419000383,10.7910/DVN/OXIOI9
10.1017_s0007123419000395,10.7910/DVN/X0EC41
10.1017_s0007123419000401,10.7910/DVN/T3CGGV
10.1017_s0007123419000413,10.7910/DVN/IJNZWK
10.1017_s0007123419000437,10.7910/DVN/V7TQOZ
10.1017_s0007123419000449,10.7910/DVN/YPYMH8
10.1017_s0007123419000450,10.7910/DVN/CTKZIG
10.1017_s0007123419000462,10.7910/DVN/BKI1X3
10.1017_s0007123419000474,10.7910/DVN/3RF1X0
10.1017_s0007123419000486,10.7910/DVN/OVLKN9
10.1017_s0007123419000498,10.7910/DVN/EDHLIN
10.1017_s0007123419000504,10.7910/DVN/PDPQFB
10.1017_s0007123419000516,10.7910/DVN/2KE1XF
10.1017_s0007123419000528,10.7910/DVN/DQ1W55
10.1017_s0007123419000541,10.7910/DVN/GYMPE7
10.1017_s0007123419000553,10.7910/DVN/4C1KJT
10.1017_s0007123419000589,10.7910/DVN/U1JEC0
10.1017_s0007123419000590,10.7910/DVN/JLJUB4
10.1017_s0007123419000607,10.7910/DVN/FO4HLG
10.1017_s0007123419000607,10.7910/DVN/64DIJQ
10.1017_s0007123419000619,10.7910/DVN/XERE2A
10.1017_s0007123419000620,10.7910/DVN/UM6KP5
10.1017_s0007123419000656,10.7910/DVN/EJWXAO
10.1017_s0007123419000681,10.7910/DVN/SVXE7L
10.1017_s0007123419000693,10.7910/DVN/CW7SXR
10.1017_s000712341900070x,10.7910/DVN/T24N31
10.1017_s000712342000037x,10.7910/DVN/RNPR9U
10.1017_s0020818320000570,10.7910/DVN/WEYEUM
10.1017_s0043887116000290,10.7910/DVN/RAHUFD
10.1017_s0043887117000193,10.7910/DVN/VL6E3Q
10.1017_s0043887117000351,10.7910/DVN/3ISXG0
10.1017_s0043887117000363,10.7910/DVN/O9PUSY
10.1017_s0043887117000375,10.7910/DVN/GHXJYL
10.1017_s0043887118000023,10.7910/DVN/EBM4G6
10.1017_s0043887118000047,10.7910/DVN/C1GTRV
10.1017_s004388711800028x,10.7910/DVN/F3IZUF
10.1017_s0043887118000291,10.7910/DVN/GKPMOG
10.1017_s0043887118000308,10.7910/DVN/SQ0UM2
10.1017_s0043887118000345,10.7910/DVN/LVFRCL
10.1017_s0043887119000017,10.7910/DVN/CWFTZX
10.1017_s0043887119000029,10.7910/DVN/LU8IDT
10.1017_s0043887119000030,10.7910/DVN/SWFNQE
10.1017_s0043887119000066,10.7910/DVN/XC4E1I
10.1017_s0043887119000078,10.7910/DVN/YSVMS2
10.1017_s004388711900008x,10.7910/DVN/JXOB6N
10.1017_s0043887119000133,10.7910/DVN/KOVT5Y
10.1017_s0043887119000145,10.7910/DVN/YR4EQH
10.1017_s0043887119000157,10.7910/DVN/ULXRHT
10.1017_s0043887120000015,10.7910/DVN/ZZIQBB
10.1017_s0043887120000027,10.7910/DVN/QTUFUWK
10.1017_s0043887120000064,10.7910/DVN/5XM0XM
10.1017_s0043887120000106,10.7910/DVN/OMDQI9
10.1017_s0043887120000179,10.7910/DVN/KPAXSZ
10.1017_s0043887120000234,10.7910/DVN/ITLVMH
10.1017_s004388712000026x,10.7910/DVN/5JH0WJ
10.1017_s0043887120000295,10.7910/DVN/KOIKBJ
10.1017_s0043887121000034,10.7910/DVN/M0PKZE
10.1017_s0143814x18000053,10.7910/DVN/M8NGVF
10.1017_s0143814x18000181,10.7910/DVN/SX7ESZ
10.1017_s0143814x18000211,10.7910/DVN/TLNMPB
10.1017_s0143814x18000259,10.7910/DVN/SBVFUL
10.1017_s0143814x18000314,10.7910/DVN/DAE3PG
10.1017_s0143814x1800034x,10.7910/DVN/G3BKWGA
10.1017_s0143814x18000363,10.7910/DVN/Z6EZG3
10.1017_s0143814x18000405,10.7910/DVN/GCXFYS
10.1017_s0143814x18000430,10.7910/DVN/WKCZ9Z
10.1017_s0143814x18000491,10.7910/DVN/5EZOHY
10.1017_s0143814x19000011,10.7910/DVN/WFOVZZ
10.1017_s0143814x19000011,10.7910/DVN/GDF6Z0
10.1017_s0143814x19000059,10.7910/DVN/HMKHFB
10.1017_s0143814x19000126,10.7910/DVN/KOP4D7
10.1017_s0143814x19000138,10.7910/DVN/1VDZE9
10.1017_s0143814x19000151,10.7910/DVN/RURFHL
10.1017_s0143814x19000205,10.7910/DVN/LUJC8I
10.1017_s0143814x19000229,10.7910/DVN/TMO87V
10.1017_s0143814x19000321,10.7910/DVN/4XWTBK
10.1017_s0143814x20000045,10.7910/DVN/KBTHZH
10.1017_s0143814x20000045,10.7910/DVN/0NV9LF
10.1017_s0143814x20000069,10.7910/DVN/3DJVQP
10.1017_s1049096514000341,10.7910/DVN/POLLYV
10.1017_s1049096517002566,10.7910/DVN/5LJAMC
10.1017_s104909651900009x,10.7910/DVN/BSLEFD
10.1017_s1049096519000192,10.7910/DVN/UCBNEH
10.1017_s1049096519001227,10.7910/DVN/CIBFU4
10.1017_s1049096520000748,10.7910/DVN/MSBZMY
10.1017_s1049096520000803,10.7910/DVN/3DIX8E
10.1017_s1049096520000840,10.7910/DVN/B3Y1GZ
10.1017_s1049096520000876,10.7910/DVN/5UVZOS
10.1017_s1049096520000918,10.7910/DVN/TL3BLS
10.1017_s1049096520001031,10.7910/DVN/2ASZ9B
10.1017_s1049096520001067,10.7910/DVN/JYJBPG
10.1017_s1049096520001079,10.7910/DVN/SNLJB6
10.1017_s1049096520001353,10.7910/DVN/IBFHRE
10.1017_s1049096520001365,10.7910/DVN/XJVOBX
10.1017_s1049096520001377,10.7910/DVN/QUPBSR
10.1017_s1049096520001389,10.7910/DVN/NQWLFH
10.1017_s1049096520001390,10.7910/DVN/T6FKLQ
10.1017_s1049096520001407,10.7910/DVN/ADMBN9
10.1017_s1049096520001419,10.7910/DVN/MHUC8C
10.1017_s1049096520001420,10.7910/DVN/RLECFV
10.1017_s1049096520001444,10.7910/DVN/A3PNXK
10.1017_s1049096520001456,10.7910/DVN/S1594S
10.1017_s1049096520001468,10.7910/DVN/6GWHQB
10.1017_s1049096520001481,10.7910/DVN/UQ2BCG
10.1017_s1049096520001596,10.7910/DVN/OGTHTO
10.1017_s1049096520001626,10.7910/DVN/ZHYKSD
10.1017_s1049096520001638,10.7910/DVN/NAH0FD
10.1017_s104909652000164x,10.7910/DVN/JCO5EI
10.1017_s1049096520001651,10.7910/DVN/KAPQWT
10.1017_s1049096520001687,10.7910/DVN/JYIZ73
10.1017_s1049096520001730,10.7910/DVN/G7KPHT
10.1017_s1049096520001742,10.7910/DVN/FVKAGM
10.1017_s104909652000178x,10.7910/DVN/CJQROH
10.1017_s1049096520001870,10.7910/DVN/1VCMGG
10.1017_s1049096520001882,10.7910/DVN/7HRZOW
10.1017_s1049096520002000,10.7910/DVN/PXLWBZ
10.1017_s1049096520002012,10.7910/DVN/MSC8DO
10.1017_s1049096520002036,10.7910/DVN/A8QDOX
10.1017_s1049096520002061,10.7910/DVN/EIKB8U
10.1017_s1049096521000019,10.7910/DVN/OTN7GQ
10.1017_s1049096521000020,10.7910/DVN/2GTVCL
10.1017_s104909652100007x,10.7910/DVN/TQYV0I
10.1017_s1049096521000135,10.7910/DVN/D6W8W1
10.1017_s1049096521000196,10.7910/DVN/21CU9M
10.1017_s1049096521000366,10.7910/DVN/JLLFGK
10.1017_s1537592717004182,10.7910/DVN/PBACES
10.1017_s1537592717004224,10.7910/DVN/CC8VFT
10.1017_s1537592717004236,10.7910/DVN/L1E3F6
10.1017_s1537592717004248,10.7910/DVN/4S83QX
10.1017_s153759271700425x,10.7910/DVN/TZTW1J
10.1017_s1537592717004273,10.7910/DVN/L2GSK6
10.1017_s153759271800107x,10.7910/DVN/MWGOZS
10.1017_s1537592718001081,10.7910/DVN/QOOFYS
10.1017_s1537592718001093,10.7910/DVN/VZSO5S
10.1017_s1537592718001573,10.7910/DVN/Q8YTNL
10.1017_s1537592718002098,10.7910/DVN/1KYJ3N
10.1017_s1537592718002104,10.7910/DVN/V1OVVA
10.1017_s1537592718002128,10.7910/DVN/QTWGXI
10.1017_s153759271800213x,10.7910/DVN/RRF7EU
10.1017_s1537592718002153,10.7910/DVN/HM5XCO
10.1017_s1537592718003274,10.7910/DVN/UGKVTJ
10.1017_s1537592718003468,10.7910/DVN/CNTPVV
10.1017_s1537592718003857,10.7910/DVN/IB504I
10.1017_s1537592718004024,10.7910/DVN/KE2AQU
10.1017_s153759271900001x,10.7910/DVN/IYWXMF
10.1017_s1537592719000288,10.7910/DVN/I5POAD
10.1017_s1537592719000744,10.7910/DVN/FV7UOH
10.1017_s1537592719000756,10.7910/DVN/1HCPSG
10.1017_s1537592719000768,10.7910/DVN/ZECDW0
10.1017_s1537592719000768,10.7910/DVN/MLLQDH
10.1017_s153759271900077x,10.7910/DVN/QJ4MK0
10.1017_s1537592719000963,10.7910/DVN/RTJ02G
10.1017_s1537592719000999,10.7910/DVN/GNCDZR
10.1017_s1537592719001002,10.7910/DVN/ZGI2GF
10.1017_s1537592719001063,10.7910/DVN/CVCF75
10.1017_s1537592719001075,10.7910/DVN/XSGYWA
10.1017_s1537592719001087,10.7910/DVN/2JT5JK
10.1017_s1537592719001427,10.7910/DVN/WHLUMW
10.1017_s153759271900238x,10.7910/DVN/3SFGTQ
10.1017_s1537592719002391,10.7910/DVN/4QJW0V
10.1017_s1537592719002597,10.7910/DVN/LGLTN2
10.1017_s1537592719003414,10.7910/DVN/8WLEMA
10.1017_s1537592719003438,10.7910/DVN/IH1AJS
10.1017_s1537592719003840,10.7910/DVN/HSAXKU
10.1017_s1537592719003852,10.7910/DVN/OGQJXI
10.1017_s1537592719003864,10.7910/DVN/XKOVUN
10.1017_s153759271900389x,10.7910/DVN/EFLNUM
10.1017_s1537592719003943,10.7910/DVN/0NVQK4
10.1017_s153759271900447x,10.7910/DVN/XTVNXN
10.1017_s1537592719004985,10.7910/DVN/FROKE5
10.1017_s1537592719005012,10.7910/DVN/MQAWKE
10.1017_s1537592720000055,10.7910/DVN/IUCOEP
10.1017_s1537592720000067,10.7910/DVN/YBPZRS
10.1017_s1537592720001164,10.7910/DVN/SWVFV8
10.1017_s1537592720001279,10.7910/DVN/CDA5FN
10.1017_s1537592720001334,10.7910/DVN/VX6UIH
10.1017_s1537592720001346,10.7910/DVN/AUTKAV
10.1017_s153759272000208x,10.7910/DVN/L6KU0D
10.1017_s1537592720002388,10.7910/DVN/QVOPRT
10.1017_s1537592720002406,10.7910/DVN/KHZER5
10.1017_s153759272000242x,10.7910/DVN/6FFKRI
10.1017_s1537592720004478,10.7910/DVN/P6YAMO
10.1017_s1743923x19000448,10.7910/DVN/CAEBM1
10.1017_s1752971919000071,10.7910/DVN/2K4FHX
10.1017_s1755773918000097,10.7910/DVN/60RZCC
10.1017_s1755773920000387,10.7910/DVN/CNG7ZD
10.1057_s41295-019-00168-3,10.7910/DVN/HIIMRK
10.1080_01402382.2015.1045317,10.7910/DVN/9LUAWA
10.1080_01402382.2019.1668245,10.7910/DVN/YJUIBI
10.1080_01402382.2020.1715605,10.7910/DVN/NFXWUO
10.1080_03050629.2017.1257489,10.7910/DVN/ARJZPX
10.1080_03050629.2020.1835892,10.7910/DVN/28117L
10.1080_09636412.2021.1885726,10.7910/DVN/2QRWGO
10.1080_09644008.2017.1287900,10.7910/DVN/X3VUSW
10.1080_09692290.2018.1431956,10.7910/DVN/FDSXMR
10.1080_10584609.2018.1551256,10.7910/DVN/EWYTZ7
10.1080_1060586x.2016.1144334,10.7910/DVN/ZJQZH5
10.1080_1060586x.2016.1227033,10.7910/DVN/YDHE6Y
10.1080_1060586x.2018.1452247,10.7910/DVN/IHJSYP
10.1080_1060586x.2018.1484031,10.7910/DVN/KCHDJ9
10.1080_13439006.2021.1921947,10.7910/DVN/OAM0IN
10.1080_13501763.2019.1701532,10.7910/DVN/CQTBFD
10.1080_13510347.2019.1606797,10.7910/DVN/V0AD8L
10.1080_13510347.2019.1645127,10.7910/DVN/HTTWYL
10.1080_13510347.2020.1770731,10.7910/DVN/VEWJQI
10.1080_13510347.2020.1786683,10.7910/DVN/W8PXZC
10.1080_14754835.2016.1153411,10.7910/DVN/4OWQTP
10.1080_19331681.2018.1460288,10.7910/DVN/T1BPZR
10.1080_19331681.2018.1460288,10.7910/DVN/SWMWX8
10.1080_19331681.2018.1485608,10.7910/DVN/BKBXWD
10.1086_704223,10.7910/DVN/LZHMG3
10.1086_704223,10.7910/DVN/ZXZMJB
10.1086_706764,10.7910/DVN/2T7Z7B
10.1086_707059,10.7910/DVN/9RJGWB
10.1086_707059,10.7910/DVN/70SNIS
10.1086_707059,10.7910/DVN/P6NC0M
10.1086_707493,10.7910/DVN/O5PX0B
10.1086_709432,10.7910/DVN/NIWSMI
10.1093_fpa_orz010,10.7910/DVN/UQUQ9G
10.1093_irap_lcy024,10.7910/DVN/VS2F5D
10.1093_irap_lcz005,10.7910/DVN/T8EIWO
10.1093_isp_ekz006,10.7910/DVN/VKQN8E
10.1093_isq_sqaa008,10.7910/DVN/DMWZGC
10.1093_isq_sqaa043,10.7910/DVN/EARQIG
10.1093_isq_sqaa073,10.7910/DVN/QI2T9A
10.1093_isq_sqaa079,10.7910/DVN/PVYZ4Z
10.1093_isq_sqab003,10.7910/DVN/FC6WAO
10.1093_isq_sqw016,10.7910/DVN/OMJYE5
10.1093_jopart_muaa001,10.7910/DVN/Q724UM
10.1093_jopart_muaa012,10.7910/DVN/XZJRA2
10.1093_jopart_muaa049,10.7910/DVN/RUDBDL
10.1093_pan_mpt025,10.7910/DVN/23025UNF
10.1093_pan_mpt027,10.7910/DVN/22893U
10.1093_pan_mpt028,10.7910/DVN/23113IQSS
10.1093_pan_mpt049,10.7910/DVN/23773UNF
10.1093_pan_mpt050,10.7910/DVN/23170IQSS
10.1093_pan_mpt051,10.7910/DVN/23510U
10.1093_pan_mpu016,10.7910/DVN/27100D
10.1093_pan_mpv014,10.7910/DVN/FSNGNP
10.1093_pan_mpv015,10.7910/DVN/4K4VTC
10.1093_pan_mpv016,10.7910/DVN/PPPKMF
10.1093_pan_mpv017,10.7910/DVN/GY6P9I
10.1093_pan_mpv019,10.7910/DVN/DOSJCD
10.1093_pan_mpv020,10.7910/DVN/I7Y3G2
10.1093_pan_mpv021,10.7910/DVN/1FYXUJ
10.1093_pan_mpv023,10.7910/DVN/IZWWBC
10.1093_pan_mpv027,10.7910/DVN/VAKZ2G
10.1093_pan_mpv028,10.7910/DVN/QE27H9
10.1093_pan_mpv029,10.7910/DVN/MVIQUD
10.1093_pan_mpv031,10.7910/DVN/KD4MXV
10.1093_pan_mpv032,10.7910/DVN/DH1IUI
10.1093_pan_mpv034,10.7910/DVN/2AIHQF
10.1093_pan_mpv035,10.7910/DVN/SACLMT
10.1093_pan_mpw001,10.7910/DVN/SVY5VF
10.1093_pan_mpw003,10.7910/DVN/4IOIWV
10.1093_pan_mpw004,10.7910/DVN/N2I9LC
10.1093_pan_mpw005,10.7910/DVN/54JC6M
10.1093_pan_mpw006,10.7910/DVN/JSXOEY
10.1093_pan_mpw007,10.7910/DVN/J7HUX3
10.1093_pan_mpw009,10.7910/DVN/Q7V70C
10.1093_pan_mpw010,10.7910/DVN/HZHVCU
10.1093_pan_mpw012,10.7910/DVN/I5KCWI
10.1093_pan_mpw013,10.7910/DVN/D6HU1J
10.1093_pan_mpw014,10.7910/DVN/VW7G2Q
10.1093_pan_mpw017,10.7910/DVN/RQMIV3
10.1093_pan_mpw018,10.7910/DVN/V6ECYU
10.1093_pan_mpw019,10.7910/DVN/QXCFO2
10.1093_pan_mpw020,10.7910/DVN/CRLKIF
10.1093_pan_mpw024,10.7910/DVN/BCQM3Y
10.1093_poq_nfaa002,10.7910/DVN/BC3CPN
10.1093_poq_nfaa007,10.7910/DVN/BDNMMD
10.1093_poq_nfaa027,10.7910/DVN/ZSBZ7K
10.1093_poq_nfaa042,10.7910/DVN/OVEBRB
10.1093_poq_nfaa045,10.7910/DVN/YRFMZF
10.1093_poq_nfaa048,10.7910/DVN/DPFNTQ
10.1093_poq_nfu008,10.7910/DVN/VOTEEX
10.1093_poq_nfy015,10.7910/DVN/FAU3VR
10.1093_publius_pjaa031,10.7910/DVN/TG2AOT
10.1093_publius_pjz028,10.7910/DVN/K7ELHW
10.1093_publius_pjz032,10.7910/DVN/L4KQ76
10.1093_ser_mwx026,10.7910/DVN/3CBOAT
10.1111_1475-6765.12305,10.7910/DVN/0UNUAM
10.1111_1475-6765.12340,10.7910/DVN/XPCVEI
10.1111_1475-6765.12380,10.7910/DVN/4TEDMI
10.1111_1475-6765.12382,10.7910/DVN/UJDXNE
10.1111_1475-6765.12384,10.7910/DVN/B5VGCD
10.1111_1475-6765.12403,10.7910/DVN/LCZTAN
10.1111_1758-5899.12452,10.7910/DVN/L716E8
10.1111_ajps.12209,10.7910/DVN/KAQVNP
10.1111_ajps.12213,10.7910/DVN/UPSRNO
10.1111_ajps.12214,10.7910/DVN/9OOLQ7
10.1111_ajps.12215,10.7910/DVN/9TPNOT
10.1111_ajps.12218,10.7910/DVN/4FCVUR
10.1111_ajps.12220,10.7910/DVN/SDUGCC
10.1111_ajps.12225,10.7910/DVN/OJCQ5O
10.1111_ajps.12227,10.7910/DVN/4LZXTY
10.1111_ajps.12228,10.7910/DVN/UKIUV1
10.1111_ajps.12230,10.7910/DVN/BLXMCY
10.1111_ajps.12232,10.7910/DVN/E9UQ0S
10.1111_ajps.12234,10.7910/DVN/O3A06T
10.1111_ajps.12235,10.7910/DVN/OX5CZF
10.1111_ajps.12239,10.7910/DVN/NC06GQ
10.1111_ajps.12241,10.7910/DVN/03MTMJ
10.1111_ajps.12242,10.7910/DVN/TMTCZD
10.1111_ajps.12248,10.7910/DVN/QUHIIE
10.1111_ajps.12250,10.7910/DVN/IIYGGX
10.1111_ajps.12252,10.7910/DVN/1HOVTU
10.1111_ajps.12255,10.7910/DVN/WTUGFZ
10.1111_ajps.12259,10.7910/DVN/VT4KJA
10.1111_ajps.12260,10.7910/DVN/K6ZOOW
10.1111_ajps.12261,10.7910/DVN/STOQ1Q
10.1111_ajps.12262,10.7910/DVN/LWED0F
10.1111_ajps.12263,10.7910/DVN/2XP8YF
10.1111_ajps.12264,10.7910/DVN/NQOWDE
10.1111_ajps.12265,10.7910/DVN/FS90RJ
10.1111_ajps.12266,10.7910/DVN/NS3NMH
10.1111_ajps.12268,10.7910/DVN/ZSYWHO
10.1111_ajps.12270,10.7910/DVN/ZFLG25
10.1111_ajps.12271,10.7910/DVN/X88LYH
10.1111_ajps.12274,10.7910/DVN/RJAUNW
10.1111_ajps.12275,10.7910/DVN/DTFR60
10.1111_ajps.12278,10.7910/DVN/EBF7XW
10.1111_ajps.12279,10.7910/DVN/WPKTKJ
10.1111_ajps.12280,10.7910/DVN/FZI6NO
10.1111_ajps.12282,10.7910/DVN/W1TDGZ
10.1111_ajps.12284,10.7910/DVN/S9MIJU
10.1111_ajps.12285,10.7910/DVN/IXWZZO
10.1111_ajps.12286,10.7910/DVN/W2HZSO
10.1111_ajps.12287,10.7910/DVN/DJ2DPZ
10.1111_ajps.12288,10.7910/DVN/LCDBRU
10.1111_ajps.12289,10.7910/DVN/PLLBQJ
10.1111_ajps.12290,10.7910/DVN/Q8CSU8
10.1111_ajps.12294,10.7910/DVN/LZGQOH
10.1111_ajps.12296,10.7910/DVN/BXXWWW
10.1111_ajps.12298,10.7910/DVN/LVHIYG
10.1111_ajps.12300,10.7910/DVN/UQAIZI
10.1111_ajps.12304,10.7910/DVN/GDFJ4N
10.1111_ajps.12305,10.7910/DVN/GZA3GY
10.1111_ajps.12306,10.7910/DVN/RSD5BV
10.1111_ajps.12307,10.7910/DVN/WZV20D
10.1111_ajps.12311,10.7910/DVN/XZFHCP
10.1111_ajps.12312,10.7910/DVN/DEMP8Q
10.1111_ajps.12314,10.7910/DVN/QSXDUN
10.1111_ajps.12315,10.7910/DVN/RW10GZ
10.1111_ajps.12318,10.7910/DVN/MPQQC0
10.1111_ajps.12319,10.7910/DVN/I0VEMG
10.1111_ajps.12322,10.7910/DVN/BFLPBK
10.1111_ajps.12323,10.7910/DVN/PGCVDP
10.1111_ajps.12325,10.7910/DVN/TJKIWN
10.1111_ajps.12326,10.7910/DVN/EL6ZCZ
10.1111_ajps.12328,10.7910/DVN/J2FA5R
10.1111_ajps.12329,10.7910/DVN/LD6NL8
10.1111_ajps.12331,10.7910/DVN/BPON3K
10.1111_ajps.12332,10.7910/DVN/PGXO5O
10.1111_ajps.12335,10.7910/DVN/BAG0DS
10.1111_ajps.12337,10.7910/DVN/TR4OUK
10.1111_ajps.12339,10.7910/DVN/4XI0UG
10.1111_ajps.12340,10.7910/DVN/XRJ43D
10.1111_ajps.12341,10.7910/DVN/KYI9AR
10.1111_ajps.12342,10.7910/DVN/QO6EMT
10.1111_ajps.12346,10.7910/DVN/9AWUYJ
10.1111_ajps.12347,10.7910/DVN/XBNJD9
10.1111_ajps.12348,10.7910/DVN/ACYZIC
10.1111_ajps.12349,10.7910/DVN/TJ1ZXX
10.1111_ajps.12350,10.7910/DVN/JTV6W6
10.1111_ajps.12351,10.7910/DVN/D5DEHM
10.1111_ajps.12352,10.7910/DVN/H13U6G
10.1111_ajps.12353,10.7910/DVN/PL2XFD
10.1111_ajps.12355,10.7910/DVN/HI1X4O
10.1111_ajps.12356,10.7910/DVN/MYDZNF
10.1111_ajps.12357,10.7910/DVN/EZSJ1S
10.1111_ajps.12358,10.7910/DVN/NRAQRH
10.1111_ajps.12359,10.7910/DVN/8R3LTP
10.1111_ajps.12360,10.7910/DVN/MZKJDR
10.1111_ajps.12361,10.7910/DVN/8ZJBLI
10.1111_ajps.12362,10.7910/DVN/K7OCDX
10.1111_ajps.12363,10.7910/DVN/MVGYWG
10.1111_ajps.12365,10.7910/DVN/YM4LDG
10.1111_ajps.12368,10.7910/DVN/WYA1S2
10.1111_ajps.12370,10.7910/DVN/ZYRC8S
10.1111_ajps.12371,10.7910/DVN/SEHMGR
10.1111_ajps.12372,10.7910/DVN/2E2M9Z
10.1111_ajps.12373,10.7910/DVN/LNUYXZ
10.1111_ajps.12375,10.7910/DVN/XU8ZWB
10.1111_ajps.12376,10.7910/DVN/7EWDRF
10.1111_ajps.12378,10.7910/DVN/6IOACK
10.1111_ajps.12380,10.7910/DVN/9IKGYY
10.1111_ajps.12382,10.7910/DVN/TVZQG6
10.1111_ajps.12383,10.7910/DVN/I1HVCJ
10.1111_ajps.12385,10.7910/DVN/ICISE4
10.1111_ajps.12386,10.7910/DVN/QBHGRC
10.1111_ajps.12387,10.7910/DVN/RYNSDG
10.1111_ajps.12388,10.7910/DVN/WGWMAV
10.1111_ajps.12391,10.7910/DVN/7190MT
10.1111_ajps.12392,10.7910/DVN/YWZBUJ
10.1111_ajps.12394,10.7910/DVN/XZ0IZE
10.1111_ajps.12396,10.7910/DVN/GSQG1K
10.1111_ajps.12397,10.7910/DVN/CQXHTH
10.1111_ajps.12398,10.7910/DVN/OOIEAO
10.1111_ajps.12399,10.7910/DVN/JNEQYJ
10.1111_ajps.12400,10.7910/DVN/ZSJA25
10.1111_ajps.12401,10.7910/DVN/XYUWYJ
10.1111_ajps.12404,10.7910/DVN/KPJUFL
10.1111_ajps.12406,10.7910/DVN/2VF2J0
10.1111_ajps.12407,10.7910/DVN/3DK6JA
10.1111_ajps.12408,10.7910/DVN/OGVWDE
10.1111_ajps.12412,10.7910/DVN/PB8X8P
10.1111_ajps.12413,10.7910/DVN/WPVSMH
10.1111_ajps.12415,10.7910/DVN/HUZGPJ
10.1111_ajps.12419,10.7910/DVN/AGIMGY
10.1111_ajps.12420,10.7910/DVN/SZ9YXZ
10.1111_ajps.12421,10.7910/DVN/Y43XZR
10.1111_ajps.12422,10.7910/DVN/8KNF3I
10.1111_ajps.12423,10.7910/DVN/9SF3TI
10.1111_ajps.12425,10.7910/DVN/IAPQ3X
10.1111_ajps.12427,10.7910/DVN/QZNGVJ
10.1111_ajps.12428,10.7910/DVN/CPVIOF
10.1111_ajps.12429,10.7910/DVN/KGIBK5
10.1111_ajps.12430,10.7910/DVN/SSEN5A
10.1111_ajps.12432,10.7910/DVN/FTFJTV
10.1111_ajps.12433,10.7910/DVN/T8OYHT
10.1111_ajps.12436,10.7910/DVN/RLLL1V
10.1111_ajps.12438,10.7910/DVN/BZ9Z2D
10.1111_ajps.12441,10.7910/DVN/T21M2M
10.1111_ajps.12442,10.7910/DVN/FPYKTP
10.1111_ajps.12443,10.7910/DVN/VJLVYU
10.1111_ajps.12444,10.7910/DVN/STXADQ
10.1111_ajps.12447,10.7910/DVN/XJQALC
10.1111_ajps.12448,10.7910/DVN/O6VHZZ
10.1111_ajps.12449,10.7910/DVN/DZ1NFG
10.1111_ajps.12450,10.7910/DVN/UYXRI8
10.1111_ajps.12451,10.7910/DVN/RXXQSQ
10.1111_ajps.12452,10.7910/DVN/HWLW0J
10.1111_ajps.12453,10.7910/DVN/YU84D7
10.1111_ajps.12460,10.7910/DVN/ZUH3UG
10.1111_ajps.12464,10.7910/DVN/PXOT5L
10.1111_ajps.12465,10.7910/DVN/MTQEE1
10.1111_ajps.12466,10.7910/DVN/KKQFKA
10.1111_ajps.12468,10.7910/DVN/QBTECH
10.1111_ajps.12470,10.7910/DVN/0EIQXL
10.1111_ajps.12471,10.7910/DVN/NOYBCQ
10.1111_ajps.12472,10.7910/DVN/7ZVSYO
10.1111_ajps.12473,10.7910/DVN/SKPPLH
10.1111_ajps.12475,10.7910/DVN/PGFOXW
10.1111_ajps.12477,10.7910/DVN/QYG8ZI
10.1111_ajps.12478,10.7910/DVN/NGTWWJ
10.1111_ajps.12481,10.7910/DVN/PBQRGQ
10.1111_ajps.12490,10.7910/DVN/Y3XHB6
10.1111_ajps.12491,10.7910/DVN/8JHA2X
10.1111_ajps.12492,10.7910/DVN/QWLGGN
10.1111_ajps.12493,10.7910/DVN/JYKL9M
10.1111_ajps.12494,10.7910/DVN/ELG3DE
10.1111_ajps.12496,10.7910/DVN/Y82RW8
10.1111_ajps.12497,10.7910/DVN/MS6ZTZ
10.1111_ajps.12499,10.7910/DVN/8PIIAI
10.1111_ajps.12501,10.7910/DVN/AZFHYN
10.1111_ajps.12504,10.7910/DVN/SYYMJ0
10.1111_ajps.12506,10.7910/DVN/ZBRTJH
10.1111_ajps.12508,10.7910/DVN/KQU3RR
10.1111_ajps.12509,10.7910/DVN/KG2APR
10.1111_ajps.12510,10.7910/DVN/KH9N7W
10.1111_ajps.12511,10.7910/DVN/0QOVCH
10.1111_ajps.12512,10.7910/DVN/0MXT0H
10.1111_ajps.12513,10.7910/DVN/PMYBBM
10.1111_ajps.12513,10.7910/DVN/CVYSR7
10.1111_ajps.12514,10.7910/DVN/Y8KIUK
10.1111_ajps.12515,10.7910/DVN/REXZ8H
10.1111_ajps.12516,10.7910/DVN/SLXRVJ
10.1111_ajps.12517,10.7910/DVN/UEARI0
10.1111_ajps.12518,10.7910/DVN/8XT86F
10.1111_ajps.12519,10.7910/DVN/U6EC8N
10.1111_ajps.12520,10.7910/DVN/9QUMY3
10.1111_ajps.12521,10.7910/DVN/QEMNP1
10.1111_ajps.12524,10.7910/DVN/YQSBOA
10.1111_ajps.12526,10.7910/DVN/HTMX3K
10.1111_ajps.12527,10.7910/DVN/P5TAFD
10.1111_ajps.12528,10.7910/DVN/KRIR6G
10.1111_ajps.12529,10.7910/DVN/Q5PV4U
10.1111_ajps.12530,10.7910/DVN/BQ9M2U
10.1111_ajps.12531,10.7910/DVN/YSS19O
10.1111_ajps.12534,10.7910/DVN/Q5PRNX
10.1111_ajps.12535,10.7910/DVN/6SRI9K
10.1111_ajps.12536,10.7910/DVN/8L1SHV
10.1111_ajps.12537,10.7910/DVN/VJUOOV
10.1111_ajps.12539,10.7910/DVN/NYONTD
10.1111_ajps.12541,10.7910/DVN/8MV984
10.1111_ajps.12542,10.7910/DVN/R3GZZW
10.1111_ajps.12543,10.7910/DVN/ZEKFG7
10.1111_ajps.12557,10.7910/DVN/93GVWI
10.1111_ajps.12560,10.7910/DVN/5S1HRF
10.1111_ajps.12564,10.7910/DVN/FITPUI
10.1111_ajps.12571,10.7910/DVN/RJKIUP
10.1111_gove.12432,10.7910/DVN/IEYEZB
10.1111_gove.12435,10.7910/DVN/LF26E1
10.1111_gove.12452,10.7910/DVN/X0TCZS
10.1111_gove.12482,10.7910/DVN/XEELVR
10.1111_gove.12493,10.7910/DVN/E8KPJF
10.1111_gove.12497,10.7910/DVN/MFSZJH
10.1111_gove.12504,10.7910/DVN/MT38TG
10.1111_gove.12517,10.7910/DVN/POGB9G
10.1111_gove.12523,10.7910/DVN/XCOBE9
10.1111_gove.12526,10.7910/DVN/NQGFWJ
10.1111_jcms.12801,10.7910/DVN/OMS7VI
10.1111_lsq.12253,10.7910/DVN/XFXJNY
10.1111_lsq.12273,10.7910/DVN/QTWTFF
10.1111_lsq.12289,10.7910/DVN/R7L9T9
10.1111_lsq.12324,10.7910/DVN/RPAPDB
10.1111_lsq.12324,10.7910/DVN/CI2EPI
10.1111_padm.12520,10.7910/DVN/EH0D15
10.1111_padm.12570,10.7910/DVN/HO1EF5
10.1111_pops.12403,10.7910/DVN/IM4DLL
10.1111_pops.12574,10.7910/DVN/PSETMP
10.1111_psj.12406,10.7910/DVN/YYZCA0
10.1111_rego.12283,10.7910/DVN/QSDYLH
10.1111_ropr.12335,10.7910/DVN/BA8G35
10.1111_ropr.12380,10.7910/DVN/BOJ0WY
10.1146_annurev-polisci-050317-071108,10.7910/DVN/Q8OHRS
10.1162_glep_a_00505,10.7910/DVN/WUK8AN
10.1163_19426720-02604003,10.7910/DVN/V78JGZ
10.1177_0010414014556212,10.7910/DVN/26626H
10.1177_0010414015621072,10.7910/DVN/DMMQ4L
10.1177_0010414017710260,10.7910/DVN/B075NQ
10.1177_0010414017740590,10.7910/DVN/THNDTR
10.1177_0010414018762369,10.7910/DVN/ICFNGT
10.1177_0010414018806529,10.7910/DVN/BSASJR
10.1177_0010414020938081,10.7910/DVN/8NEL7B
10.1177_0010414020938081,10.7910/DVN/22K7WU
10.1177_0010414020938089,10.7910/DVN/LAUZHP
10.1177_0010414020970211,10.7910/DVN/NDHS9Q
10.1177_0010414021989763,10.7910/DVN/SVGIJV
10.1177_0010836716652431,10.7910/DVN/OMQAEW
10.1177_0010836716673088,10.7910/DVN/SSEZKB
10.1177_0020702017723931,10.7910/DVN/9D3PSO
10.1177_0022002720983437,10.7910/DVN/IWTDSF
10.1177_0022343316675909,10.7910/DVN/DBSEQC
10.1177_0022343317731152,10.7910/DVN/IS7ZDQ
10.1177_0022343320965670,10.7910/DVN/7C7KPU
10.1177_0032321720923257,10.7910/DVN/KHBJVZ
10.1177_0032329216683165,10.7910/DVN/CJBTGD
10.1177_0047117820970320,10.7910/DVN/UBXZHC
10.1177_0192512119829516,10.7910/DVN/MQCI3U
10.1177_1065912917722233,10.7910/DVN/NIU9IT
10.1177_1065912917738576,10.7910/DVN/L1V6BP
10.1177_1065912917749322,10.7910/DVN/BOCEWB
10.1177_1065912917750783,10.7910/DVN/TKDGD3
10.1177_1065912918760729,10.7910/DVN/HUW9FL
10.1177_1065912918785459,10.7910/DVN/STCXYK
10.1177_1065912918789283,10.7910/DVN/NOWFJG
10.1177_1065912918798506,10.7910/DVN/C8AMXR
10.1177_1065912919838626,10.7910/DVN/BKO3Z9
10.1177_1065912919850342,10.7910/DVN/TONE1D
10.1177_1065912919866511,10.7910/DVN/TNKBAD
10.1177_1354066120923028,10.7910/DVN/LZHTBE
10.1177_1354068818820671,10.7910/DVN/F0YGNC
10.1177_1354068820927686,10.7910/DVN/LFTQEZ
10.1177_1369148118762279,10.7910/DVN/PZLXFQ
10.1177_1478929919864773,10.7910/DVN/IPPPNU
10.1177_1532673x18763875,10.7910/DVN/Y38VIQ
10.1177_1532673x19840732,10.7910/DVN/LVBEJK
10.1177_1532673x20922525,10.7910/DVN/CDGXU2
10.1177_1940161220935058,10.7910/DVN/EL3KYD