file_in	data_bool	stat_bool
10.1093_publius_pjt061		
10.1146_annurev-polisci-120117-110316		
10.1017_s1474745619000156		
10.1080_09668136.2014.941697		
10.1017_s0022381614000188		1
10.1017_s0007123412000634		1
10.1177_0968344520976415		
10.1017_s1537592711005159		
10.1007_s11127-015-0252-0		
10.1111_ajps.12542		
10.1080_1060586x.2016.1138627		
10.1111_1475-6765.12421		
10.1111_j.1749-5687.2011.00120.x		
10.1111_j.1468-5965.2012.02258.x	1	
10.1177_1065912913513351		
10.1016_j.ejpoleco.2015.11.002		1
10.1017_s1537592711004075		
10.1007_s10784-010-9113-y		1
10.1017_s1755773911000105		
10.1057_cep.2015.45		1
10.1017_s1537592712003295		
10.1017_s1537592719003256		
10.1093_afraf_adv035		
10.1111_1758-5899.12416		
10.1017_s1049096516001979		
10.1177_1354068816642802		1
10.1177_0022002712464315		1
10.1111_j.1468-2486.2010.00980.x		
10.1177_0022343311406305		1
10.1093_ser_mwv004		
10.1017_s1474745616000355		
10.1080_14616742.2017.1361686		
10.1016_j.marpol.2020.103921		
10.1093_ijpor_edx019		1
10.1177_0022343316631033		1
10.1002_polq.12515		
10.1017_s1537592719003384		
10.1080_17502977.2018.1466945	1	
10.1093_isr_viy053		
10.1086_703419		
10.1093_ia_iix149		
10.1080_13563467.2017.1286639		
10.1057_ap.2014.26		1
10.1080_1060586x.2016.1251024		
10.1111_ajps.12521		1
10.1017_s1049096514000092	1	
10.1111_j.1540-5907.2010.00489.x		1
10.1093_poq_nfq073		1
10.1080_10758216.2017.1351304		
10.1016_j.marpol.2013.01.011	1	
10.1017_lap.2017.2		
10.1111_ropr.12191	1	
10.1111_j.1467-9299.2012.02094.x	1	
10.1111_mepo.12199		
10.1017_s1537592713001977		
10.1017_s0007123412000282		1
10.1111_twec.12426		1
10.1017_s1537592717003541		
10.1093_ejil_chz071		
10.1080_09644008.2012.679659		1
10.1111_j.1478-9302.2011.00235.x		
10.1017_s1537592718001378		
10.1002_j.1538-165x.2011.tb02156.x		
10.1080_09668136.2014.990714		
10.1017_s1755773920000302		
10.1080_13523260.2015.1061751		
10.1177_0305829818808385		
10.1177_002070201206700306		
10.1080_1540496x.2018.1441021		1
10.1111_twec.12409		
10.1093_publius_pjy038		
10.1177_1478929916649613		
10.1093_ia_iiab028		
10.1080_13629395.2014.966962		
10.1111_ropr.12295		
10.1080_09668136.2019.1633132		
10.1017_s1537592715000316		
10.1086_692740		1
10.1016_j.jjie.2017.02.004		1
10.1007_s11127-010-9604-y		1
10.1162_isec_a_00390		
10.1332_030557317x14895966143481		
10.1086_704700		1
10.1016_j.ejpoleco.2015.03.004		1
10.1017_s1743923x17000599		1
10.1057_s41269-018-0082-4		1
10.1017_s104909651100076x		
10.1111_jcms.12014		
10.1017_s0007123418000376		1
10.1111_ajps.12380		1
10.1080_14742831003603349		
10.2753_ree1540-496x480300		
10.1080_13510347.2012.668438		
10.1080_13533312.2014.995904	1	
10.1093_ia_iiz222		
10.1080_1540496x.2015.1039864		1
10.1080_03003930.2012.755462		1
10.1177_0010414019843548		
10.1111_ips.12005		
10.1111_j.1541-0072.2009.00340.x		
10.1016_j.ejpoleco.2018.01.001		1
10.1111_jcms.13059		
10.1017_s0022381610000836		1
10.1177_1465116514553487		1
10.1016_j.marpol.2015.07.008		
10.1177_0738894215614504		1
10.1080_13608746.2011.598363		
10.1080_07036337.2018.1487961		
10.1017_s1537592720001425		
10.1016_j.ejpoleco.2018.04.002		1
10.1080_14754835.2019.1629889		
10.1111_pops.12071		
10.1177_1465116512465133		1
10.1080_14782804.2014.884809		
10.1016_j.marpol.2014.01.021		1
10.1111_psj.12226		1
10.1162_glep_x_00248		
10.1111_jcms.12635		
10.1080_09668131003737043		
10.1080_03003930.2018.1429071		
10.1080_09592296.2013.817936		
10.1080_13523260.2014.928088		
10.1017_s1049096518000598		
10.1017_s1049096519002178	1	
10.1111_twec.12381		
10.1080_09644016.2018.1471192		
10.1016_j.spacepol.2018.06.001	1	
10.1017_s1537592719003529		
10.1177_0968344511425719		
10.1111_ropr.12087		
10.1017_s0260210515000340	1	
10.1017_s0022381611000466		
10.1177_1354066109346891		1
10.1016_j.electstud.2016.03.001	1	
10.1093_ijpor_edy032		1
10.1017_s1537592711003525		
10.1111_twec.12791		1
10.1525_curh.2012.111.747.264		
10.1080_10584609.2019.1687626		
10.1093_hrlr_ngr018		
10.1093_ia_iix134		
10.1093_publius_pjz025		
10.1111_j.1541-0072.2011.00406.x		1
10.1017_s0022381609990685		
10.1016_j.electstud.2012.09.004		1
10.1080_19460171.2010.545516		
10.1177_0032321716684356		1
10.1080_13523260.2015.1061768		
10.1017_s0003055420000581		
10.1111_padm.12362		
10.1111_rego.12038		
10.1111_1758-5899.12157		
10.1016_j.marpol.2017.04.017	1	
10.1162_glep_a_00186		
10.1017_lap.2020.18		1
10.1080_1060586x.2014.886359		
10.1016_j.marpol.2017.11.019		
10.1007_s11558-014-9193-5		1
10.1086_682389		1
10.1016_j.polgeo.2017.03.004		
10.1080_09644008.2011.606314		1
10.1016_j.marpol.2021.104434	1	
10.1177_0032321719854303		
10.1080_09700161.2014.980546		
10.1162_jcws_r_00290		
10.1016_j.ejpoleco.2017.11.004		1
10.1111_pops.12464		1
10.1093_pan_mpr031		1
10.1111_j.1541-1338.2010.00473_1.x		
10.1093_ia_iiy134		
10.1016_j.marpol.2020.104101		
10.1177_0010414013509573		1
10.1016_j.electstud.2014.03.003		1
10.1017_s1743923x10000541		1
10.1177_1354068816688362		1
10.1016_j.ejpoleco.2020.101894		1
10.1007_s11127-019-00696-2		
10.1017_s1537592710001325		
10.1093_irap_lcx016		
10.5305_amerjintelaw.107.2.0410		
10.1080_1540496x.2015.1103120		1
10.1111_1758-5899.12067		
10.1007_s11127-015-0280-9		1
10.1016_j.postcomstud.2014.04.010		1
10.1093_ia_iiz107		
10.1017_s1049096511000734		
10.1017_s0260210511000027		
10.1162_jcws_r_00116		
10.1162_isec_a_00099		
10.1017_s0022381610000769		
10.1017_s0022381612000734		
10.1080_09668136.2015.1076114		
10.1017_s0260210513000399		
10.1017_s1537592713002739		
10.1093_publius_pjt009	1	
10.1007_s11109-011-9166-9		1
10.1111_twec.12910		1
10.1016_j.ejpoleco.2011.06.006		1
10.1111_twec.12026		1
10.1017_s104909651400064x		
10.1017_s1531426x00002661		
10.1016_j.polgeo.2019.102059	1	
10.1017_s1537592720002716		
10.1016_j.electstud.2017.05.001		1
10.1080_13523260.2019.1698182		
10.1177_0002716213500454		
10.1017_s1537592710001696		
10.2753_ppc1075-8216570505		
10.1093_ia_iiy027	1	
10.1093_isp_ekx014		
10.1080_09557571.2020.1838197		
10.1080_09644016.2019.1625144	1	
10.1007_s11109-016-9366-4		1
10.1017_s1474745618000058		
10.1017_s1049096514001978		
10.1017_s1537592719002731		
10.1080_00908320.2015.1054746		
10.1017_s1537592714002102		
10.1007_s11109-010-9124-y		1
10.1017_s0007123415000356		1
10.1162_jcws_a_00137		
10.1017_lap.2019.52		
10.1111_twec.12609		1
10.1177_0020702018794199		
10.1162_jcws_a_00473		
10.1080_14650045.2019.1544396		
10.1017_s0260210517000407		
10.1016_j.marpol.2015.09.025		1
10.1093_publius_pjs039		
10.1080_13608746.2014.984384		1
10.1017_s0003055419000509		
10.1017_s1537592712001247		
10.1111_gove.12042		
10.1093_jopart_mut028		1
10.1016_j.marpol.2014.08.011		
10.1111_ajps.12468		1
10.1080_09700161.2010.501588		
10.1111_pafo.12146		
10.1016_j.marpol.2011.10.016	1	
10.1177_0967010614557884		
10.1017_s1537592710002884		
10.1111_1475-6765.12123		
10.1177_0738894215616408		1
10.1177_0967010614552548		
10.1111_jcms.13031		
10.1111_j.1467-9299.2012.02055.x		
10.1086_704787		1
10.1111_twec.12607	1	
10.1016_j.marpol.2020.104213		
10.1007_s11127-016-0356-1		1
10.1017_s1537592710001416		
10.1111_j.1541-0072.2011.00433.x		1
10.1177_0738894214544613		1
10.1080_13600826.2017.1322939		
10.1016_j.electstud.2014.01.007		1
10.1017_s1537592719002007		
10.1017_s1474745615000038	1	
10.1093_irap_lcw017		
10.1016_j.marpol.2019.103530	1	
10.1093_hrlr_ngs032		
10.1080_09592296.2014.873613		
10.1093_ejil_chr037		
10.1111_isqu.12132		
10.1093_ijtj_ijs025		
10.1086_696620		1
10.1080_01402382.2018.1510199		1
10.1111_1758-5899.12743		
10.1086_696862		1
10.1017_lap.2019.17		
10.1017_s1049096512000224		
10.1002_polq.12085		
10.1016_j.electstud.2015.02.005		1
10.1017_lap.2018.70		
10.1016_j.marpol.2021.104593	1	
10.1093_ijtj_ijz005		
10.1017_s0003055420000490		1
10.1177_0002716219862524	1	
10.1177_0010414015621072		1
10.1080_14747731.2015.1111656		
10.1093_poq_nfr035		1
10.1080_00396338.2019.1568060		
10.1093_chinesejil_jmq018		
10.1111_1758-5899.12084		
10.1111_jcms.12329		
10.1016_j.marpol.2018.04.030		
10.1093_jopart_mut012		
10.1177_0967010614539719		
10.1093_fpa_orv001		
10.1093_afraf_adr050		
10.1177_1940161213485990		1
10.1017_s1755773909990257		1
10.1080_09557571.2016.1230588		
10.1111_1467-9248.12185		
10.1111_lsq.12016		1
10.1017_s1474745610000388		
10.1162_jcws_r_00121		
10.1017_s1537592717000378		
10.1017_s1049096512001138		
10.1017_s0892679414000355		
10.1111_j.1475-6765.2010.01916.x		1
10.1080_13439006.2015.1038889		
10.1111_pafo.12116		
10.1111_ropr.2019.36.issue-1		
10.1057_ap.2013.23		
10.1162_jcws_r_00481		
10.1057_ip.2016.8		
10.1007_s11127-011-9782-2		
10.1146_annurev-polisci-061413-041905		1
10.1057_s41295-019-00180-7		
10.1016_j.electstud.2020.102268		1
10.1007_s10784-020-09511-6		
10.1002_polq.12447		
10.1080_09668136.2014.926717		
10.1111_j.1541-1338.2011.00556_3.x		
10.1016_j.postcomstud.2014.04.006		1
10.1093_ejil_chv047		
10.1017_s1049096514000912		
10.1017_gov.2018.14	1	
10.1007_s10290-019-00361-2		1
10.1080_13523260.2017.1312075		
10.1111_isqu.12123		
10.1017_s0003055413000348		
10.1016_j.marpol.2016.06.006		1
10.1111_j.1976-5118.2011.01057.x		
10.1017_s1049096520000815		1
10.1057_ip.2010.9	1	
10.1177_0020702017712672		
10.1007_s10308-015-0444-8	1	
10.1093_ijpor_edt011		1
10.1177_0738894213520369		1
10.1080_01402382.2011.523542		1
10.1007_s11127-019-00747-8		1
10.1057_s41311-017-0115-z		
10.1017_s153759272000225x		
10.1016_j.marpol.2018.11.016		1
10.1007_s11127-019-00707-2		
10.1080_09668136.2016.1202537		
10.1016_j.marpol.2020.103987	1	
10.1111_psr.2014.12.issue-2		
10.1016_j.electstud.2016.05.004	1	
10.1016_j.ejpoleco.2014.01.006		
10.1017_s1537592717002110	1	
10.1080_00963402.2018.1507787		
10.1017_s1537592718001159		
10.1111_j.1468-5965.2011.02234.x		
10.1080_00396338.2020.1851098		
10.1093_isq_sqw001		
10.1177_1065912918755972		1
10.1017_s0143814x19000229		1
10.1111_j.1475-6765.2011.02042.x		
10.1017_s0002930000002049		
10.1080_09546553.2019.1574131		
10.1177_0002716213503107		
10.1111_jcms.12659		
10.1017_s1049096520001808		
10.1017_s0003055414000215		
10.1016_j.ejpoleco.2020.101951		1
10.1111_pops.12574		1
10.1016_j.marpol.2019.01.015		
10.1111_jopp.12229		
10.1016_j.marpol.2020.103896		1
10.1111_gove.12174		
10.1080_14742837.2012.664907		
10.1080_13510347.2012.712515		1
10.1007_s11127-015-0242-2		
10.1162_glep.2010.10.1.60		
10.1080_14782804.2015.1067449		
10.1057_s41268-016-0081-x		1
10.1177_0022002715600759		1
10.1017_s1743923x18000168		
10.1017_s004388711100013x		1
10.1111_j.1747-7093.2010.00248.x		
10.1007_s11127-018-0569-6		1
10.1002_polq.12913		
10.1093_chinesejil_jms012		
10.1080_09546553.2018.1444796		
10.1093_jopart_muw058		1
10.1017_s0043887117000156		
10.1093_ser_mwx024		
10.1093_ijpor_edu036		1
10.1017_s153759271900241x		
10.1111_twec.12267		1
10.1016_j.jjie.2010.01.003		1
10.1080_14747731.2016.1228784		
10.1093_chinesejil_jmx011		
10.1177_1940161219843404	1	
10.1111_lsq.12206		1
10.1111_jcms.12259		1
10.1590_s0034-73292011000200009		
10.1177_0010836717750198		
10.1017_s1049096515000980		
10.1016_j.marpol.2016.07.011		1
10.1162_jcws_r_00298		
10.1080_13510347.2020.1739652		
10.1016_j.jjie.2019.03.001		1
10.1111_twec.12115		1
10.1177_1065912917744897		1
10.1080_14782804.2017.1354142		
10.1017_s0022381610000149		1
10.1111_j.1758-5899.2012.00188.x	1	
10.1093_ia_iiz078		
10.1016_j.spacepol.2011.12.005		
10.1016_j.electstud.2020.102203		1
10.1111_j.1468-2478.2012.00734.x		1
10.1017_s1049096520001201		
10.1093_ia_iiaa120		
10.1007_s11109-017-9388-6		1
10.1080_13439006.2014.921967		
10.1080_13600826.2018.1450733		
10.1016_j.marpol.2012.02.010		
10.1093_poq_nfs059		
10.1057_cep.2015.40		
10.1017_s0043887111000128		
10.1111_ropr.12158		1
10.5305_amerjintelaw.109.1.0068		
10.1093_jopart_muq031		
10.1525_curh.2014.113.764.238		
10.1016_j.marpol.2017.04.001	1	
10.1007_s11109-013-9262-0		1
10.1002_polq.12275		
10.1177_0738894215594756		1
10.1017_s0003055419000844		1
10.1007_s10290-019-00345-2		1
10.1111_twec.12783		1
10.1080_07036337.2017.1333119		
10.1016_j.marpol.2017.05.013		1
10.1080_14494035.2019.1655130		
10.1002_poi3.v8.3		
10.1080_09700161.2010.501580		
10.1080_14747731.2018.1429104		
10.1111_psj.12272		
10.1017_s1537592715003758		
10.1016_j.electstud.2019.04.001		1
10.1080_09546553.2017.1318126	1	
10.1093_ijpor_eds029		1
10.1017_s1537592710003853		
10.1093_ejil_chz027		
10.1080_13563467.2016.1195344	1	
10.1093_afraf_adu003		
10.1162_jcws_r_00629		
10.1177_1354066119873134		
10.1017_s1049096521000317		
10.1016_j.marpol.2020.104058	1	
10.1080_09692290903562503		
10.1017_s1049096520001043		
10.1002_j.1538-165x.2012.tb01151.x		
10.1080_01402382.2016.1143241	1	
10.1017_s1537592720000754		
10.1177_1354068816678887		1
10.1080_01402382.2011.616672		
10.1111_padm.12406		1
10.1111_j.1743-8594.2011.00150.x		1
10.1111_ropr.12301		1
10.1017_s0892679420000544		
10.1086_688174		1
10.1017_s1537592719001956		
10.1017_s0260210517000171		
10.1093_poq_nfu065		
10.1017_s1049096510001678		
10.1016_j.marpol.2020.104129	1	
10.1007_s11127-017-0449-5		1
10.1080_09546553.2015.1075979		1
10.1093_publius_pjp026		
10.1080_09557571.2016.1161262		
10.1017_s1537592716004175		
10.1177_0968344518764469		
10.1017_gov.2021.25		
10.1093_poq_nft061		
10.1017_s1537592713000704		
10.1080_13629395.2015.1078125		
10.1162_jcws_e_00979		
10.2753_ree1540-496x5001s118		1
10.1017_s1049096516003000	1	
10.1080_09546553.2011.581094		
10.1080_09644016.2012.724236		
10.1177_0263395720935380	1	
10.1093_cjip_poaa007		
10.1016_j.ejpoleco.2017.03.005		
10.1086_700108		
10.1111_isqu.12180		1
10.1016_j.marpol.2021.104549	1	
10.1017_s0892679414000525		
10.1017_s153759271700384x		
10.1093_poq_nfx027		
10.1017_s1537592710003488		
10.1016_j.spacepol.2018.12.002		
10.1017_s1049096512000406		
10.1017_s1049096518001786	1	
10.1057_ap.2016.6		1
10.1177_0022343316687018		1
10.1111_1475-6765.12280		1
10.1016_j.marpol.2010.06.003	1	
10.1016_j.marpol.2009.04.019		
10.1111_j.1528-3585.2011.00449.x		
10.1086_698848		1
10.1057_s41311-017-0116-y	1	
10.1017_s1474745614000123		
10.1525_curh.2015.114.774.288		
10.1177_0967010612451482		
10.1177_1065912917715912		1
10.1017_s0260210510000598		1
10.1016_j.postcomstud.2011.10.005		1
10.1111_j.1475-4967.2012.00550.x		
10.1080_09668136.2010.515801		
10.1016_j.marpol.2009.06.009		1
10.1080_13439006.2020.1847474		
10.1017_s0003055415000192		
10.1177_1354068816668678		1
10.1007_s10784-010-9133-7		
10.1177_0967010618810925		
10.1093_ejil_chy028		
10.1017_s002238161000071x		
10.1017_s000305541300004x		1
10.1017_s0022381611001654		1
10.1080_02684527.2021.1857078		
10.1111_pops.12099		
10.1080_1554477x.2016.1198209		
10.1016_j.marpol.2015.08.011		1
10.1177_0022343311427344		1
10.1017_s1049096516000883		
10.1080_09557571.2014.886554		
10.1080_09662839.2019.1648258		
10.1080_01402382.2019.1644575		1
10.1080_13439006.2010.482759		
10.1111_1467-856x.12064		
10.1016_j.spacepol.2011.12.012		
10.1111_pops.12242		
10.1093_ips_olz022		
10.1111_padm.12660		
10.1111_1758-5899.12186		
10.1017_s1537592719002652		
10.1093_ejil_chu008		
10.1093_poq_nfw003		1
10.1080_13523260.2016.1278343	1	
10.1016_j.electstud.2010.06.001		1
10.1093_ejil_chr011		
10.1111_jopp.12176		
10.1177_0010836720906191		
10.1177_0022002719883684		1
10.1093_isr_viy061		
10.1007_s11127-011-9798-7		
10.1007_s11127-018-00627-7		
10.1017_s1049096518001488		
10.1057_bp.2011.22		
10.1017_s0007123411000445		1
10.1177_002070201106600311		
10.1080_03003930.2012.675330		
10.1093_poq_nfz003		1
10.1093_publius_pjx022		
10.1093_ijtj_iju026		
10.1080_13510347.2018.1544618		
10.1017_s1537592719001749		
10.1080_13523260.2017.1420608		
10.1093_ijpor_edz045		1
10.1093_ejil_chu045		1
10.1007_s11109-017-9441-5		1
10.1086_685378		1
10.1177_0305829819873955		
10.1111_j.1528-3585.2009.00390.x		
10.1111_gove.12500	1	
10.1016_j.marpol.2016.08.010	1	
10.1093_fpa_orx001		
10.1007_s11127-012-9933-0		
10.1111_j.1748-5991.2011.01114.x		1
10.1525_curh.2017.116.793.315		
10.1093_ser_mwy021	1	
10.1080_01402382.2014.909170		1
10.1162_jcws_r_00609		
10.1017_s1049096512000662		
10.1017_s1474745619000223		
10.1525_curh.2018.117.802.329		
10.1111_j.1467-9299.2011.01939.x		
10.1177_0022343319865929		1
10.1017_s1049096509990576		
10.1093_afraf_adt045		
10.2753_ppc1075-8216590101		
10.1017_s1049096512001448		
10.1016_j.polgeo.2011.04.002	1	
10.1111_jcms.12229_2		
10.1146_annurev-polisci-051214-101237	1	
10.1177_0304375419841248		1
10.1111_rego.2015.9.issue-2		
10.1093_ijtj_ijy002	1	
10.1177_1354068811412157		
10.1111_pafo.12128		
10.1017_s0892679410000055		
10.1177_0305829820971694		
10.1017_s0260210510001166		
10.1016_j.marpol.2015.01.014	1	
10.1017_ajil.2020.5		
10.1111_twec.12448		1
10.1007_s11558-014-9196-2		
10.1017_psrm.2019.2		1
10.1111_pafo.12038	1	
10.1093_pan_mpr010		1
10.1080_14747731.2013.760930		
10.1177_1354066116669652		
10.1017_s1743923x11000122		
10.1017_s153759271800436x		
10.1111_j.1468-5965.2010.02090.x		
10.1080_07036337.2018.1546302		1
10.1080_21647259.2016.1192241		
10.1177_0305829813497822		
10.1093_ia_iiab093		
10.1017_s1474745618000460		1
10.1017_s1537592718004267		
10.1093_poq_nfu041		1
10.1111_pops.12228		1
10.1111_1758-5899.12272	1	
10.1017_s0003055414000331		1
10.1111_1468-2346.12327		
10.1093_jopart_mus090		1
10.1080_10357718.2016.1199656		
10.1177_0738894219863348		1
10.1111_jcms.12944		
10.1177_002070201006500110		
10.1007_s10308-011-0303-1		
10.1111_twec.12097	1	
10.5305_amerjintelaw.104.3.fm		
10.1017_s1537592721000864		
10.1093_afraf_adv003		
10.1111_twec.12120		1
10.1007_s11109-018-9480-6		1
10.1016_j.marpol.2009.09.003		
10.1017_s000305542000026x		1
10.1017_s1049096518000690		
10.1016_j.polgeo.2019.02.008	1	
10.1080_00396338.2012.690987		
10.1017_s0003055419000029		1
10.1016_j.spacepol.2012.02.007		
10.1007_s11127-011-9829-4		1
10.1093_ijtj_ijt023		
10.1093_ia_iiab054		
10.1017_s1537592720004168		
10.1111_j.1477-7053.2009.01303.x		
10.1017_s0007123417000308		1
10.1177_0738894213499677		1
10.1093_jopart_mup004		1
10.1086_706598		1
10.1017_s0020818313000143		1
10.1162_jcws_r_00025		
10.1162_glep_r_00205		
10.1080_10357718.2012.681467		
10.1017_s0260210518000207		
10.1177_1354068819836037		1
10.1111_mepo.12442		
10.1007_s10290-015-0217-x		1
10.1080_13563467.2017.1311848		
10.1177_1354068817740758	1	
10.1016_j.marpol.2013.03.006		1
10.1111_twec.12226		1
10.1007_s10784-017-9381-x	1	
10.1093_chinesejil_jmr018		
10.1017_lap.2020.36		1
10.1017_gov.2015.17	1	
10.1080_07036337.2014.959752		
10.1080_13629395.2012.725310		
10.1111_psj.12222		
10.1111_padm.12101	1	
10.1525_curh.2010.109.728.272		
10.1093_ejil_chaa068		
10.1177_0047117816659532		
10.1177_1465116517735599		1
10.1057_bp.2014.17		
10.1007_s11109-018-9457-5		1
10.1111_jcms.12902		
10.1080_00396338.2015.1123429		
10.1080_02684527.2019.1703487	1	
10.1162_jcws_a_00143		
10.1007_s10784-020-09513-4	1	
10.1080_13510347.2016.1247808		
10.1017_s0007123414000027		1
10.1017_s1537592718004413		
10.1080_09668136.2010.481390		
10.1111_ropr.12131	1	
10.1162_jcws_a_00930		
10.1017_s153759271500119x		
10.1007_s11127-017-0437-9		
10.1080_09668136.2011.585752	1	
10.1525_curh.2011.110.734.91		
10.1016_j.marpol.2016.06.012	1	
10.1177_0032329215571288		1
10.1080_13510347.2012.659021		1
10.1080_0163660x.2011.588091		
10.1057_s41311-017-0023-2		
10.1080_14754835.2020.1816164		
10.1093_ser_mwv037		
10.1080_13510347.2019.1694909		
10.1111_1758-5899.12415		
10.1017_s104909651800197x		
10.1177_0305829820935520		
10.1017_psrm.2015.19		1
10.1016_j.jjie.2020.101110		1
10.1002_polq.13078		
10.1177_0022002714540472		
10.1177_00027162211023354		
10.1016_j.marpol.2018.03.007		
10.1162_jcws.2010.12.2.95		
10.1086_697951	1	
10.1111_1478-9302.12038		
10.1093_ejil_chy089		
10.1017_lap.2020.8		1
10.1111_1475-6765.12316		1
10.1111_rego.2013.7.issue-4		
10.1016_j.polgeo.2010.08.001		
10.1086_706461		1
10.1093_ia_iiy155		
10.1057_ip.2011.19		
10.1017_s0892679419000121		
10.1080_13501763.2017.1329846		
10.1093_ejil_chv030		
10.1111_jcms.13037		
10.1111_j.1541-0072.2011.00410.x		1
10.1007_s11127-010-9615-8		
10.1177_0047117812463153		
10.1080_10357718.2018.1548565		
10.1007_s11127-015-0249-8		
10.1017_s0260210512000058		
10.1057_bp.2015.45		
10.1080_02684527.2019.1620547		
10.1080_09546553.2012.630624		
10.1111_lsq.12011		1
10.1086_709861		
10.1111_j.1467-9299.2012.02076.x		
10.1080_21647259.2015.1040605		
10.1017_s1537592720003898		
10.1177_1354066119889401		
10.1111_twec.12661		1
10.1080_13608746.2018.1537175		
10.1093_poq_nfx022	1	
10.1177_1354068817724174		1
10.1016_j.marpol.2015.12.027		1
10.1080_01402390.2016.1219094		
10.1093_ejil_chy059		
10.1177_1532673x19826273		1
10.1017_s1537592717001785		
10.1080_09662839.2018.1517117		
10.1016_j.marpol.2011.03.011		
10.1177_1354066115612558		
10.1057_cep.2010.1		
10.1016_j.polgeo.2018.10.006		
10.1093_poq_nft039		
10.1080_01402390.2014.907603		
10.1111_j.1475-4967.2012.00562.x		
10.1080_13501763.2012.725888		
10.1093_ia_iiaa125		
10.1093_poq_nfr048		
10.1111_j.1467-9248.2012.00970.x		
10.1007_s11127-009-9519-7		
10.1080_00908320.2016.1194089		
10.1080_09662839.2012.727181		
10.1080_13501763.2017.1411381		
10.1111_j.1468-2346.2012.01087.x		
10.1017_s1537592709992581		
10.1017_s1049096517000075		
10.1017_s1537592720003631		
10.1016_j.electstud.2013.06.001		1
10.1007_s11127-015-0302-7		1
10.1177_1940161211433839		1
10.1111_j.1468-5965.2012.02281.x	1	
10.1177_0020702015572998		
10.1093_ia_iix120		
10.1111_misr.12146		
10.1080_01402382.2013.742739	1	
10.1093_ejil_chaa080		
10.1093_irap_lcu021		
10.1007_s11127-012-0051-9		1
10.1016_j.marpol.2014.10.017	1	
10.1162_glep_a_00296		
10.1007_s10308-019-00563-1		
10.1016_j.marpol.2015.12.008		
10.1111_1475-6765.12254	1	
10.1093_isr_viz007		
10.1177_1065912914523347		
10.1080_13501763.2021.1918220		1
10.1017_s104909651600072x		
10.1093_ia_iix131		
10.1111_1758-5899.12946		
10.1177_0032329219897642		
10.1017_s1049096515000931		
10.1093_publius_pjz033		1
10.1146_annurev-polisci-070209-174835		
10.1017_s0043887119000169		
10.1017_s1537592712000175		
10.1080_13600820903431938		
10.1080_14616742.2012.744175		
10.1016_j.ejpoleco.2010.12.001		1
10.1017_s1537592715000365		
10.1017_s1474745612000407		
10.1016_j.ejpoleco.2015.04.004		1
10.1002_polq.12243		
10.1111_twec.12584		1
10.1177_0002716221996678		1
10.1093_isp_ekz026		
10.1093_hrlr_ngaa011		
10.1017_lap.2018.24		
10.1111_jopp.12182		
10.1111_pafo.12164		
10.1007_s11127-010-9758-7		1
10.1080_13510347.2012.659014	1	
10.1016_j.postcomstud.2017.05.007	1	
10.1016_j.marpol.2014.11.022		1
10.1016_j.marpol.2011.03.005		1
10.1016_j.electstud.2020.102263		1
10.1177_0010414015626455		
10.1146_annurev-polisci-092514-012354		
10.1017_s1537592712002782		
10.1080_09668136.2019.1694864		
10.1525_cpcs.2020.53.1.27		
10.1080_09668136.2018.1520508		
10.1007_s11127-010-9712-8		1
10.1080_09546551003617960		
10.1080_09644016.2017.1371919		
10.1111_1467-856x.12066		
10.1162_glep_a_00446		
10.1017_s0003055420001021		
10.1093_ia_iiaa199		
10.1080_1540496x.2014.998932		
10.1177_0738894216650640		
10.1016_j.marpol.2021.104448		1
10.1111_ajps.12303		
10.1080_14494035.2019.1657376		
10.1080_01402382.2014.895517		
10.1016_j.electstud.2018.05.003		1
10.1057_cep.2008.27		
10.1525_cpcs.2020.53.2.47		
10.1177_0096340214546838		
10.1007_s12116-021-09333-w		
10.1016_j.marpol.2021.104557	1	
10.1093_chinesejil_jms037		
10.1111_j.1528-3585.2012.00459.x		
10.1057_ip.2015.14		
10.1111_twec.12550		1
10.2753_ree1540-496x480200		
10.1177_1354068817695742		1
10.1080_17502977.2021.1913006		
10.1017_s1474745611000048		
10.1017_s0020818312000148		
10.1002_polq.13176		
10.1093_irap_lct024		
10.1162_glep_a_00473		
10.1057_s41268-020-00193-w	1	
10.1002_polq.13039		
10.1080_09668136.2012.635484		1
10.1016_j.electstud.2019.03.005		1
10.1093_poq_nfaa005		1
10.1016_j.postcomstud.2014.10.001	1	
10.1111_gove.12412		1
10.1080_09692290.2013.836677		
10.1177_0002716210372485		
10.1177_0022002715626249		
10.1080_13510347.2016.1185416		
10.1111_padm.12661		
10.1093_ijtj_ijx007		
10.1007_s10784-015-9302-9		
10.1111_psj.12193		
10.1016_j.jjie.2017.03.001		1
10.1177_0047117819871996	1	
10.1177_0010836713482880		
10.1080_09557571.2019.1622082		
10.1093_irap_lcv012		1
10.1093_hrlr_ngq038		
10.1080_14650045.2017.1364237		
10.1017_s0043887114000215		1
10.1111_1467-9256.12051		
10.1093_ejil_chz021		
10.1177_0022002715595700		1
10.1016_j.marpol.2015.10.005		1
10.1177_0263395717738964		
10.1093_publius_pjq027		
10.1093_isq_sqw031		1
10.1016_j.electstud.2016.09.004		1
10.1080_1540496x.2018.1526078		1
10.1525_curh.2015.114.771.157		
10.1017_s1537592717001232		
10.1016_j.marpol.2016.02.014		1
10.1080_1060586x.2016.1209315		
10.1111_1758-5899.12656		
10.1017_s1049096510001915	1	
10.1017_s1537592712002939		
10.1080_09668136.2018.1436697		
10.1111_twec.12937		1
10.1016_j.ejpoleco.2017.07.003		1
10.1525_curh.2010.109.727.205		
10.1017_s0043887113000026		
10.1016_j.polsoc.2016.09.004	1	
10.1017_s1752971917000100		
10.1017_s0020818319000286		1
10.1111_j.1477-7053.2012.01368.x		
10.1016_j.electstud.2013.10.006		1
10.1017_s0260210510000495		
10.1016_j.marpol.2018.11.015		
10.1111_j.1475-6765.2011.02019.x		
10.1111_ajps.12256		
10.1080_02684527.2020.1734159		
10.1111_pafo.12059		
10.1080_02684527.2019.1622265		
10.1080_09700161.2020.1699996		
10.1162_jcws_r_00381		
10.1007_s10290-016-0249-x		1
10.1017_s000305541500012x		1
10.1080_01402382.2011.591092		1
10.1177_0192512117716169		1
10.1093_ia_iiy124		
10.1017_s1537592718002888		
10.1111_j.1468-2346.2011.00987.x		
10.1017_s1537592712000187		
10.1177_0263395717720932		
10.1111_j.1758-5899.2012.00198.x		
10.1080_09700161.2015.1107271		
10.1016_j.marpol.2011.09.003	1	
10.1007_s12116-013-9132-0		1
10.1016_j.polgeo.2019.05.001		
10.1016_j.polgeo.2014.07.009		
10.1017_s0003055420000210		
10.5305_amerjintelaw.104.4.0569		
10.1057_s41269-017-0062-0		1
10.1080_09668136.2020.1725302		
10.1111_j.1467-9760.2010.00376.x		
10.1093_isq_sqx002		
10.1007_s12116-017-9246-x	1	
10.1002_polq.13166		
10.1017_s1537592711004452		
10.1016_j.postcomstud.2012.12.003		1
10.1080_1060586x.2013.816104		
10.1017_s1474745610000200		
10.1111_1758-5899.12335		
10.1017_s1049096515001444		
10.1111_psj.12252		
10.1080_01402390.2012.681169		
10.1111_padm.2014.92.issue-2		
10.1177_0020702020968944		
10.1017_s1049096520000372		1
10.1111_pops.12022		1
10.1016_j.marpol.2012.02.019	1	
10.1017_s1049096519001859		
10.1057_bp.2013.22		
10.1017_s1537592718002499		
10.1093_chinesejil_jmr048		
10.1017_s0260210510001579		
10.1111_1475-6765.12111		1
10.1017_s0892679418000540		
10.1016_j.marpol.2014.11.015		
10.1007_s11558-014-9186-4	1	
10.1177_1354066118774836		
10.1111_j.1467-9760.2010.00392.x		
10.1017_s0007123413000094		1
10.1111_psj.12075	1	
10.1017_s1537592710003002		
10.1007_s10290-010-0052-z		1
10.1093_ejil_chv066		
10.1086_700202		1
10.1093_ejil_chu068		
10.1111_jcms.12782		
10.1111_psj.12140		1
10.1111_j.1467-9701.2012.01466.x		1
10.1177_0047117820954234		
10.1016_j.marpol.2018.05.002	1	
10.1111_j.1939-9162.2012.00062.x	1	
10.1093_pan_mps035		
10.1017_s1049096513001005		
10.1080_09592296.2010.482464		
10.1177_0002716218770197		
10.1093_ia_iiaa066		
10.1017_s1537592710002331		
10.1080_13600826.2018.1474183		
10.1017_gov.2015.24		
10.1016_j.marpol.2015.07.012	1	
10.1162_glep_a_00457		
10.1017_s1537592713003010		
10.1177_0010414016655537		1
10.1080_09668136.2015.1087170		
10.1017_s1537592717002523		
10.1080_1540496x.2016.1152801	1	
10.1080_09557571.2016.1233936		
10.1016_j.ejpoleco.2016.07.007		
10.1016_j.marpol.2016.05.029	1	
10.1093_ia_iiw029		
10.1017_s1049096517001238	1	
10.1002_polq.12480		
10.1080_13510347.2016.1213717		
10.1016_j.electstud.2015.11.004		1
10.1080_14494035.2018.1488797		
10.1016_j.electstud.2018.02.001		
10.1111_isqu.12095		
10.1080_00963402.2018.1436803	1	
10.1093_ejil_chs077		
10.1017_psrm.2016.51		
10.1111_pops.v42.2		
10.1080_13501763.2019.1678058		
10.1080_03003930903435880		
10.1080_09644016.2017.1320832		
10.1111_pops.12061		1
10.1016_j.marpol.2017.10.007		
10.1017_s1537592712003374		
10.1162_glep_a_00141		
10.1080_01402390.2016.1205292		
10.1080_00963402.2018.1495860		
10.1086_707360		
10.1080_09546553.2014.914841		
10.1080_09636412.2014.965002		
10.1017_psrm.2015.39		1
10.1525_curh.2010.109.728.244		
10.1111_1758-5899.12687		
10.1111_jopp.2015.23.issue-4		
10.1177_0022343311420459		1
10.1111_1475-6765.12183		1
10.1177_1369148119836349		
10.1016_j.marpol.2016.10.005	1	
10.1177_1354066116653665		
10.1177_0032329218755750		1
10.1093_ia_iiw047		
10.1080_17502977.2017.1385237		
10.1016_j.ejpoleco.2014.03.005		1
10.1016_j.marpol.2015.02.013	1	
10.1093_poq_nfy028		
10.1007_s11558-021-09425-1		
10.1177_0304375415581258		
10.1177_1354068816663036		1
10.1093_fpa_oraa025		1
10.1007_s12116-015-9208-0		1
10.1080_1540496x.2019.1695119	1	
10.1111_j.1467-9701.2012.01441.x		1
10.1111_ajps.12483		
10.1146_annurev-polisci-051215-022705		
10.1080_03003930.2012.645349		
10.1111_1475-6765.12265	1	
10.1177_1532673x16685313		1
10.1111_1758-5899.12476	1	
10.1080_19460171.2015.1005109		
10.1080_10357718.2010.513369		
10.1111_j.1541-1338.2011.00543_2.x		
10.1111_j.1478-9302.2011.00241_6.x		
10.1007_s10308-019-00551-5		
10.2753_ppc1075-8216570105		
10.1016_j.ejpoleco.2014.10.010		
10.1177_0047117818774720		
10.1080_09636412.2019.1604989		
10.1080_07036337.2014.975989	1	
10.1016_j.electstud.2012.06.002	1	
10.1017_s1049096510990914		
10.1111_lsq.12123		
10.1017_s0260210517000262		
10.1093_pan_mpr034		1
10.1017_s1049096516002080		
10.1162_jcws_a_00623		
10.1080_07036337.2016.1178254		
10.1017_s1743923x1500015x		
10.1002_polq.12828		
10.1093_isr_viy016		
10.1177_1354066120975072		
10.1111_j.1939-9162.2012.00043.x		1
10.1093_ijpor_eds023		1
10.1111_j.1541-0072.2010.00398.x		
10.1016_j.marpol.2021.104545	1	
10.1111_psj.12347		1
10.1177_0002716217696085		
10.1111_1758-5899.12505		
10.1177_1065912913510385		
10.1093_ejil_chq073		
10.1111_j.1939-9162.2011.00014.x		1
10.1017_s1049096512001400		
10.1017_s1537592712002575		
10.1080_10758216.2020.1785315		
10.1080_09557571.2015.1118998		
10.1017_s0007123417000242		1
10.1111_j.1468-5965.2012.02280.x		
10.1017_s1755773920000351		1
10.1017_s1049096517001275		
10.1016_j.spacepol.2016.11.001	1	
10.1590_s0034-73292010000100007		
10.1002_polq.13112		
10.1093_poq_nfz032		1
10.1017_s0003055413000580		1
10.1017_s1537592718000075		
10.1007_s11127-014-0185-z		1
10.1002_polq.12773		
10.1016_j.postcomstud.2015.07.001		
10.1111_j.1467-9299.2010.01814.x		
10.1016_j.marpol.2011.01.016	1	
10.1017_s1049096510000053		
10.1080_09592296.2014.936197		
10.1016_j.marpol.2011.02.003	1	
10.1017_s1537592710001246		
10.1111_pafo.12130		
10.1016_j.marpol.2016.11.008	1	
10.1016_j.marpol.2018.04.009	1	
10.1017_s1049096518001798		
10.1111_1758-5899.12419	1	
10.1111_j.1758-5899.2010.00028.x		
10.1016_j.marpol.2017.01.023	1	
10.1016_j.marpol.2019.103545		
10.1080_07036337.2021.1877693		
10.1017_s1743923x10000279		
10.1080_1554477x.2011.613734	1	
10.1146_annurev-polisci-041916-023610		1
10.1080_14616742.2019.1687001	1	
10.1080_14494035.2019.1658693		
10.1080_13510347.2013.786545		
10.1086_684998		
10.1177_00207020211021566	1	
10.1016_j.postcomstud.2016.08.001		
10.1016_j.marpol.2013.01.024	1	
10.1111_1475-6765.12380		1
10.1093_isq_sqw029		1
10.1080_03003930.2015.1096267		1
10.1111_1467-9248.12114	1	
10.1111_mepo.12514		
10.1080_07036337.2014.990135		
10.1080_1060586x.2020.1712987		
10.1111_j.1475-6765.2009.01908.x	1	
10.1007_s10308-018-0512-y		
10.1057_s41311-017-0061-9		
10.1177_1369148120918852	1	
10.1017_s0020818320000326		
10.1016_j.postcomstud.2011.07.006		
10.1177_0967010617722650		
10.1080_14650045.2016.1214910		
10.1111_padm.2014.92.issue-4	1	
10.1177_0002716216662433		1
10.1080_09668136.2020.1767759	1	
10.1080_21647259.2019.1633105		
10.1002_polq.12253	1	
10.1080_13439006.2021.1921356	1	
10.1111_j.1467-9299.2011.01923.x		
10.1007_s11127-019-00648-w		
10.1080_13608746.2019.1641945	1	
10.1177_1354066115602938		
10.1093_poq_nfq057		1
10.1093_ijpor_edaa019		1
10.1111_jcms.v54.1		
10.1111_j.1468-0491.2012.01578.x		
10.1111_j.1541-0072.2010.00398.x		
10.1016_j.marpol.2018.10.008	1	
10.1080_09546553.2013.847827	1	
10.1080_09644008.2010.515840		
10.1177_1369148118784706		
10.1177_0010836712462781		
10.1017_gov.2019.35	1	
10.1057_s41311-017-0113-1		
10.1017_s1537592718000336		
10.1017_s0003055413000609		
10.1177_0002716216682715		
10.1080_13501763.2010.486975	1	
10.1162_glep_a_00214	1	
10.2753_ree1540-496x4701s104		1
10.1017_s0143814x15000367		1
10.1093_isq_sqy027	1	
10.1162_isec_a_00139		
10.1111_1467-856x.12041		
10.1017_s1474745618000022		
10.1016_j.marpol.2021.104444	1	
10.1111_j.1467-9701.2010.01295.x		1
10.1016_j.marpol.2015.05.004		1
10.1080_13510347.2019.1704266		
10.1017_s1743923x12000062		
10.1016_j.marpol.2012.06.005	1	
10.1017_s0260210518000189		
10.1111_j.1548-2456.2013.00211.x	1	
10.1017_gov.2019.8		
10.1111_j.1467-9299.2010.01881.x	1	
10.1016_j.marpol.2012.10.005		
10.1016_j.marpol.2009.09.004		
10.1093_ser_mws008		
10.1016_j.marpol.2017.01.026		1
10.1093_ser_mwt013		
10.1177_1354066117744030	1	
10.1080_09644016.2015.1074382		
10.1016_j.ejpoleco.2014.07.007		1
10.1177_0010414017710257		
10.1080_09546553.2021.1880231		
10.1111_1468-2346.12701		
10.1016_j.postcomstud.2010.07.004		
10.1016_j.polgeo.2020.102269	1	
10.1093_ser_mwaa023		
10.1177_1354068818754602	1	
10.1080_13523260.2017.1392102		
10.1017_s0003055412000536		
10.1080_13608746.2018.1433477	1	
10.1016_j.marpol.2019.03.006		
10.1093_isq_sqx092		
10.1111_jcms.12753	1	
10.1111_pafo.2012.27.issue-3		
10.1080_09644008.2020.1748601		1
10.1016_j.marpol.2018.03.023	1	
10.1111_twec.2015.38.issue-11	1	
10.1080_13533312.2018.1502040	1	
10.1177_0738894213491182		1
10.1017_s0003055414000239		
10.1017_s0007123409990238		
10.1080_13501763.2021.1881586		
10.1016_j.marpol.2020.103939	1	
10.1111_jopp.12126		
10.1111_j.1475-6765.2010.01963.x		
10.1086_691218		
10.1080_13608746.2019.1582667	1	
10.1162_isec_a_00164		
10.1017_s0003055416000046		
10.1016_j.marpol.2018.07.006	1	
10.1111_padm.12554		
10.1093_jopart_muy053		1
10.1086_694255		1
10.1016_j.marpol.2021.104593	1	
10.1017_s0892679411000359		
10.1017_s0003055413000373		
10.1093_ijtj_ijz003		
10.1016_j.marpol.2018.05.027		1
10.1007_s10308-012-0325-3		
10.1093_chinesejil_jmv010		
10.1017_s1049096516000615		
10.1017_s1049096513001601		
10.1093_ser_mww021	1	
10.1017_s0260210510001099		
10.1017_s1474745610000418		
10.1111_j.1475-6765.2010.01969.x		
10.1016_j.marpol.2020.103959		
10.1111_psj.v47.s1		
10.1057_bp.2015.42		
10.1111_j.1743-8594.2011.00147.x		
10.1057_ap.2013.21		
10.1093_ser_mwy022		
10.1007_s11558-014-9191-7		
10.1111_1758-5899.12560		
10.1016_j.polgeo.2010.05.002		
10.1177_1354066120922605		
10.1111_1758-5899.12212		1
10.1086_705817		1
10.1017_ajil.2017.5		
10.1057_s41268-019-00175-7		
10.1016_j.polgeo.2020.102170		
10.1111_padm.12326	1	
10.1016_j.marpol.2019.103781	1	
10.1016_j.marpol.2016.10.013	1	
10.1111_j.1467-9299.2010.01817.x	1	
10.1017_s1474745614000317		
10.1007_s10308-021-00594-7	1	
10.1080_09700161.2010.480893	1	
10.1093_publius_pjq027		
10.1177_0010414020938083		1
10.1016_j.electstud.2013.10.008		1
10.1111_j.1540-5907.2012.00613.x		1
10.1007_s10290-012-0117-2		
10.1177_0002716211424709		1
10.1017_s0003055414000343		
10.1162_jcws_a_00137		
10.1093_ejil_cht025		
10.1111_twec.12270	1	
10.1590_0034-7329201400310		
10.1111_j.1467-856x.2011.00477.x		
10.1177_0022343319881175	1	
10.1016_j.marpol.2015.05.017		1
10.1093_chinesejil_jmr012		
10.1177_1354066109353137		
10.1080_00908320.2021.1910158	1	
10.1016_j.marpol.2020.104005	1	
10.1017_s1049096512001096		
10.1080_03003930.2014.884495		
10.1007_s12116-018-9271-4		
10.1093_ser_mwx029	1	
10.1002_poi3.123		1
10.1007_s11127-010-9686-6		1
10.1111_pops.12490		1
10.1017_s000305541400015x		1
10.1007_s11127-009-9499-7		
10.1177_0305829820935175		
10.1177_0010414016679177	1	
10.1080_01402390.2017.1288107		
10.1080_09644008.2016.1201075		1
10.1017_s1049096516001487		1
10.1016_j.electstud.2018.04.013	1	
10.1111_padm.12312		
10.1016_j.marpol.2018.06.019		1
10.1007_s11127-011-9769-z		
10.1111_jcms.12711	1	
10.1057_s41295-020-00211-8		1
10.1017_s0003055415000143		1
10.1057_ap.2012.15		
10.1111_j.1976-5118.2012.01074.x		
10.1177_0010836714532916		
10.31945_iprij.180202		
10.1080_14782804.2020.1784112		1
10.1017_s0003055416000198		
10.1177_0967010615593038		
10.1080_09557571.2019.1708864		
10.1111_gove.12020	1	
10.1111_ajps.12132		1
10.1177_0002716210368113		
10.1017_s0143814x13000147		1
10.1111_ajps.12341		
10.1057_ap.2010.16		1
10.1017_s1743923x20000525		1
10.1080_02684527.2017.1289695		
10.1017_psrm.2017.7		
10.1016_j.marpol.2021.104481		1
10.1111_jcms.12899		
10.1017_s0003055419000327		1
10.1111_j.1467-9701.2010.01299.x	1	
10.1017_s1049096512000911		1
10.1080_00908320.2012.698930		
10.1080_03003930.2013.869496		1
10.1111_ropr.12299		1
10.1177_0263395720943852		1
10.1017_s0007123416000491		1
10.1017_s0260210519000111		
10.1177_0022002717721395		1
10.1177_0022002717721395		
10.1177_0002716215569446		1
10.1016_j.polgeo.2021.102448		
10.1093_chinesejil_jmz035		
10.1007_s10784-012-9188-8	1	
10.1017_s1049096511001223	1	
10.1111_ajps.12298		1
10.1016_j.marpol.2015.11.010		1
10.1007_s11127-009-9555-3		
10.1177_0002716218767383	1	
10.1017_s1474745620000099	1	
10.1080_1540496x.2014.998887		1
10.1093_ia_iix124		
10.1016_j.marpol.2018.11.024		1
10.1177_0010836713507670		1
10.1111_j.1468-0491.2012.01597.x		1
10.1111_j.1548-2456.2011.00108.x		
10.1017_gov.2012.3		
10.1017_s1049096517002566		
10.1002_poi3.212	1	
10.1007_s11127-019-00661-z		
10.1080_13608746.2011.602849	1	
10.1017_s175297191600004x		
10.1016_j.postcomstud.2015.09.002		1
10.1016_j.marpol.2018.08.019		
10.1177_0010414020912279		
10.1016_j.electstud.2012.01.003		1
10.1111_twec.12256		1
10.1080_13563467.2016.1198757		
10.1080_01402390.2020.1856090		
10.1177_1065912910376390	1	
10.1590_0034-7329201400103	1	
10.1111_1475-6765.12210		1
10.1111_padm.12192	1	
10.1146_annurev-polisci-051017-113314		
10.1016_j.marpol.2009.10.002	1	
10.1016_j.spacepol.2014.03.001		
10.1146_annurev-polisci-051017-113314	1	
10.1080_13510347.2019.1582029		1
10.1016_j.marpol.2017.03.020		1
10.1111_1475-6765.12319		
10.1093_ejil_chr105		
10.1016_j.marpol.2019.103720		
10.1017_s1049096516000792	1	
10.1162_isec_c_00118		
10.1093_isr_viaa001		
10.1016_j.ejpoleco.2011.07.004		1
10.1080_09692290.2010.493733		1
10.1093_poq_nfw006		1
10.1111_jcms.13016		1
10.1177_0010414019858956		1
10.1007_s10308-014-0384-8	1	
10.1111_j.1541-0072.2011.00420.x		
10.1111_twec.12481		1
10.1016_j.marpol.2021.104503	1	
10.1017_s0143814x18000272		1
10.1111_padm.12265		1
10.1007_s10308-013-0357-3		1
10.1177_1478929918777975	1	
10.1080_1540496x.2015.1073989		1
10.1111_jcms.12082	1	
10.1146_annurev-polisci-020614-094706		1
10.1111_jcms.12295		1
10.1111_jcms.13143		1
10.1111_twec.2014.37.issue-5		
10.1111_jcms.12984		
10.1080_09546553.2016.1253563		1
10.1111_twec.12024		1
10.1086_704785		1
10.1007_s11109-016-9366-4		1
10.1111_rego.12216	1	
10.1093_isq_sqy056		1
10.1017_pan.2019.33		1
10.1016_j.marpol.2014.02.017		1
10.1177_0022343319836697		1
10.1080_10357718.2011.535602		
10.1016_j.electstud.2010.01.005		1
10.1093_ijpor_edq030		1
10.1177_0032321719884712		1
10.1177_1065912910373556		1
10.1016_j.marpol.2014.11.006		1
10.1111_ajps.12013		1
10.1111_j.1540-5907.2011.00519.x		1
10.1007_s10290-019-00355-0	1	
10.1093_jopart_mus040		1
10.1111_lsq.12177		1
10.1016_j.marpol.2018.08.007		1
10.1016_j.ejpoleco.2017.04.005		
10.1111_rego.2010.4.issue-4		
10.1111_j.1540-5907.2010.00472.x		1
10.1111_ajps.12315		1
10.1111_1475-6765.12309	1	
10.1080_09546553.2013.809339		1
10.1146_annurev-polisci-043010-095836		1
10.1016_j.ejpoleco.2012.05.001		1
10.1017_s1049096518002044	1	
10.1177_1354068818818789		1
10.1017_s1049096514001218		1
10.1162_glep_a_00216		
10.1086_694255		1
10.1111_1475-6765.12174		1
10.1017_s0003055411000426		1
10.1080_21647259.2019.1686797	1	
10.1177_1465116520929765		1
10.1111_1475-6765.12361		1
10.1093_ijpor_edp045		1
10.1111_1475-6765.12386		1
10.1177_1465116513489779		1
10.1093_pan_mpt048		1
10.1017_s0003055413000476		1
10.1111_ajps.12346		1
10.1016_j.marpol.2019.02.041		1
10.1146_annurev-polisci-031710-112215		
10.1017_s0003055416000782		
10.1111_j.1540-5907.2012.00587.x		1
10.1177_1354068812453367		1
10.1111_jcms.12983		1
10.1111_ajps.12422		1
10.1017_s1049096517001238	1	
10.1016_j.marpol.2020.104146		1
10.1177_1369148120947353		1
10.1111_pops.12009		1
10.1111_j.1540-5907.2011.00526.x		1
10.1111_j.1467-9299.2010.01828.x		1
10.1016_j.marpol.2019.103613		1
10.1017_ajil.2017.85		
10.1016_j.marpol.2015.09.018		1
10.5305_amerjintelaw.109.1.fm		
10.1177_1354068815605674	1	
10.1080_10584609.2020.1753866		1
10.1016_j.ejpoleco.2018.06.004		
10.1007_s11127-010-9731-5		1
10.1111_ajps.12210		1
10.1111_j.1467-856x.2010.00403.x		1
10.1017_s0003055420001136		1
10.1017_s0020818318000255		1
10.1017_s0022381610000447		1
10.1111_ajps.12380		1
10.1007_s11127-011-9867-y		
10.1162_isec_a_00023		1
10.1017_s1049096516003176		
10.1111_ajps.12423		1
10.1177_1354068818764011		1
10.1017_s0003055410000031		1
10.1111_j.1939-9162.2012.00050.x		1
10.1111_psj.12018		1
10.1017_s0003055420000374		1
10.1177_0010414019843567		1
10.1057_jird.2014.3		1
10.1111_ajps.12407		1
10.1111_j.1540-5907.2011.00563.x		1
10.1093_ejil_chy030		1
10.1017_psrm.2016.45		
10.1111_j.1467-9299.2010.01882.x		1
10.1007_s11127-010-9734-2		1
10.1007_s12116-009-9058-8		1
10.1086_687928		1
10.1017_s0003055414000410		1
10.1111_jcms.12070		1
10.1016_j.jjie.2014.08.001		1
10.1111_ajps.12068		1
10.1080_07036337.2015.1110149		1
10.1007_s11127-010-9731-5		1
10.1086_704224		1
10.1017_s0003055417000715		1
10.1017_s0003055410000031		1
10.1111_ajps.12365		1
10.1007_s11127-012-0014-1		1
10.1093_pan_mpv035		1
10.1017_s002238160999079x		1
10.1177_0032329213519419		1
10.1016_j.ejpoleco.2014.11.002		1
10.1111_ajps.12186		1
10.1093_ijpor_edy016		1
10.1111_pops.2011.32.issue-3		
10.1111_1475-6765.12403		1
10.1111_pops.2011.32.issue-3		1
10.1177_1354068810380091		1
10.1177_0022002716656446		1
10.1111_j.1467-9221.2011.00828.x		1
10.1017_s000305540999030x		1
10.1111_j.1939-9162.2011.00028.x		1
10.1177_0022002718783032		1
10.1177_1354068809343108		1
10.1111_1758-5899.12408		1
10.1111_1758-5899.12097		1
10.1017_psrm.2019.17		1
10.1086_694785		1
10.1017_s000305541800076x		1
10.1017_gov.2014.47		1
10.1177_0002716214547476		
10.1111_misr.12072		1
10.1086_707305		1
10.1017_s0003055411000554		1
10.1177_1065912909359162		1
10.1080_13608746.2011.598348		1
10.1016_j.marpol.2015.11.012		1
10.1093_pan_mpr012		
10.1017_s0003055418000813		1
10.1007_s11127-013-0076-8		1
10.1111_ajps.12508		1
10.1111_ajps.12013		1
10.1080_01402382.2014.990695		1
10.1017_s0143814x18000053		1
10.1017_psrm.2020.56		1
10.1177_1465116516662155		1
10.1007_s11109-013-9237-1		1
10.1016_j.electstud.2013.05.009		1
10.1177_1532673x20959606		1
10.1080_13501763.2016.1170191		1
10.1177_0022343313500501		1
10.1086_704599		1
10.1093_isq_sqaa057		1
10.1007_s11109-017-9393-9		1
10.1177_0022343317712576		1
10.1111_j.1467-9299.2011.01953.x		1
10.1080_03050629.2019.1554573		1
10.1177_0022343313498764		1
10.1177_1354066120923028		1
10.1111_pops.12260		1
10.1111_j.1743-8594.2012.00188.x		1
10.1093_afraf_ads077		1
10.1017_s0022381610000149		1
10.1017_s0043887117000028		1
10.1016_j.jjie.2012.01.003		1
10.1111_padm.12638		1
10.1017_s0003055418000795		1
10.1177_1940161219892768		1
10.1017_s0007123415000290		1
10.1177_0022002715576748		1
10.1016_j.postcomstud.2018.10.005		1
10.1086_702945		1
10.1007_s12116-014-9171-1		1
10.1111_lsq.12182		1
10.1177_0022343313478958		1
10.1080_13501763.2013.867892		1
10.1007_s11109-018-9456-6		1
10.1177_1354068810377460		1
10.1111_lsq.12238		1
10.1007_s11109-017-9407-7		1
10.1111_j.1541-0072.2012.00450.x		1
10.1016_j.electstud.2012.02.010		1
10.1017_s0020818320000442		1
10.1177_1065912918781037		1
10.1111_1467-9248.12016		1
10.1080_13608746.2014.984384		1
10.1177_1532673x12448212		1
10.1080_13510347.2016.1204539		1
10.1080_1540496x.2019.1623783		1
10.1017_s0007123416000028		1
10.1017_s0022381610000551		1
10.1093_jopart_mup027		1
10.1080_1060586x.2020.1851541		1
10.1177_0738894214532411		1
10.1177_0022343318814588		1
10.1177_1369148120910991		1
10.1017_s0022381611001794		
10.1111_twec.12049		1
10.1111_j.1467-856x.2010.00412.x		1
10.1016_j.marpol.2020.104159		1
10.1017_s1049096517002050		1
10.1080_10758216.2016.1236666		1
10.1016_j.jjie.2012.09.001	1	
10.1016_j.electstud.2013.08.008		1
10.1111_padm.12193		1
10.1177_0002716219869907		1
10.1177_1532673x10371300		1
10.1093_ser_mwv028		1
10.1111_padm.12593		1
10.1177_1065912915623639		1
10.1016_j.polgeo.2018.05.009		1
10.1093_ijpor_eds002		1
10.1093_ijpor_edv020		1
10.1177_1065912913478839		1
10.1111_1475-6765.12321		1
10.1177_1940161217723150		1
10.1080_1060586x.2019.1707566		1
10.1177_1465116517704519		1
10.1080_14742837.2020.1770071		1
10.1007_s11109-012-9194-0		1
10.1177_1354068815625230		1
10.1016_j.electstud.2018.10.002		1
10.29152_koiks.2017.48.4.733		1
10.1080_13533312.2019.1660166		1
10.1111_rego.12092		1
10.1017_s0020818316000059		1
10.1177_0022343319865929		1
10.1177_1465116509359431		1
10.1111_gove.12523		1
10.1016_j.electstud.2019.102085		1
10.1007_s10290-015-0227-8		1
10.1007_s11109-012-9199-8		1
10.1111_j.1468-2478.2011.00707.x		1
10.1111_1467-9248.12077		1
10.1177_1065912919870280		1
10.1007_s11109-019-09552-x		1
10.1111_twec.12287		1
10.1177_0010414013488544		1
10.1111_fpa.12050		1
10.1017_s0007123414000179		1
10.1177_0022343316630938		1
10.1017_s0043887119000017		1
10.1080_1540496x.2015.1098052		1
10.1177_0022002713515403		1
10.1177_1065912909331428		1
10.1007_s11558-017-9284-1		1
10.1017_s0043887110000201		1
10.1177_0002716217734810		1
10.1016_j.ejpoleco.2017.09.005		1
10.1111_j.1548-2456.2015.00279.x		1
10.1111_j.1467-9701.2010.01320.x		1
10.1111_twec.12284		1
10.1017_psrm.2015.64		1
10.1016_j.ejpoleco.2017.09.002		1
10.1111_ropr.12231		1
10.1111_pops.2011.32.issue-3		1
10.1016_j.ejpoleco.2014.10.001		1
10.1111_twec.12448		1
10.1111_twec.12413		1